task_id	relative_path	size_bytes	file_type	sha256
Astronomy_004	data/QZO.csv	33838246	CSV	8cc0184e8ee3b2885883a088826e8cf180f761475f38313fa9c4ffa4cf05ca1f
Astronomy_004	related_work/paper_000.pdf	5007813	PDF	4582120a90cb7d3fefd2c01a01198cfeefcaf8ab0412c716c35d6f2dd0bb13fa
Astronomy_004	related_work/paper_001.pdf	4199824	PDF	f966f5827e157ad18a9cf659dbd51fce424a3afaa027d7565f2c6407c8cb54b7
Astronomy_004	related_work/paper_002.pdf	10497601	PDF	acd90dc6261d0aa363b69fe1bb490c42a5c485181dfcfd5aec564f5d816e6803
Astronomy_004	related_work/paper_003.pdf	609916	PDF	5522f6b9e04753c4ab2d1b4169feedda899a6ce74756700a9ffa890be75a0cd7
Astronomy_004	related_work/paper_004.pdf	3225882	PDF	9145b761516af997dd5f01b48df808014b9d3550cf02293b3af70f57fde4070e
Astronomy_004	target_study/checklist.json	3769	JSON	a07c1d974dcb731d068851ed3b2f3af8a5d4bb075f03f9bec2c209d99e5e5f76
Astronomy_004	target_study/images/6f14a038dc6a9d19cd68ee6aa167aed97fa39dd8d487a5b71ea4211959454834.jpg	108722	Image	0cdcb2bee874b16c95f0f9317c73919740badda5d22c363969a4c179c590e33b
Astronomy_004	target_study/images/87753daaa777ec91c60786a7c6b61f0efe80f97f158f62bc6895270ac3240909.jpg	46619	Image	5819b7943bf660e44beae139d6a55cd5d0e4be32e1a98feed2b93eb87ad23278
Astronomy_004	target_study/images/ba311a69d650f502b846d115731fb1ceb318ba0371e39d561efda5fe8becbcf5.jpg	48553	Image	0dd2a3eaa49d21227666eb16cc6aae476de51b6d4a5ee2464e373dc0fc4515dc
Astronomy_004	target_study/images/d1ae9d84da2fb91d3884c7701cd249b7b91fd983bf6b6f55c831c60b3d298764.jpg	134069	Image	34f6de248aef60f0cf4c6b6d16a9e2a489bfb42639b9ab00a258f0a29d3e5f81
Astronomy_004	target_study/paper.pdf	3859723	PDF	9efad5c345d50fbbf83f9961b850de13d7ec3ccbbe3c359807a6ad1f5b7e6f5b
Astronomy_004	task_info.json	1667	JSON	606fa2a429515be405efd72ff7bacb31070ad9c2290c9ec3e522f655b30923a6
Chemistry_004	data/.gitkeep	1	NoExtension	01ba4719c80b6fe911b091a7c05124b64eeece964e09c058ef8f9805daca546b
Chemistry_004	related_work/paper_000.pdf	3654669	PDF	9bf07d313ae80fbc9c676013b85e2f795ec91564cdf0a83b8d420afb0dbbfb6f
Chemistry_004	related_work/paper_001.pdf	9130299	PDF	2ee063070dd3fef812eaec634c762c51314e0ce12814b73c7cb9822f40fdcb56
Chemistry_004	related_work/paper_002.pdf	7456961	PDF	c1d30555d9d8ab30a77dd75887104b56922745fcd6c982b6408ed1f1730e5651
Chemistry_004	related_work/paper_003.pdf	4470502	PDF	8c7ec5fd2d014b41021eff0bcf4f1da99e4812b82a9eaaf034ed2495529cbca0
Chemistry_004	target_study/checklist.json	3264	JSON	69dbb7e27b24f6251883620fe20fb52ee14dd627ae59323fff02017a59476353
Chemistry_004	target_study/images/73749650a215c09fbb0c840bd012a1f9b04c2e6e9d839316f60ad21caab7f2fb.jpg	266449	Image	5679ad5ca790ecc533f0f1d5115524ac46f160168192d2dfbc2d34dc3c0ba583
Chemistry_004	target_study/paper.pdf	11493333	PDF	83a8bbd345ed57c6df418de7aab8d75bc167532307638cba78b5af4e675e7b04
Chemistry_004	task_info.json	976	JSON	ba5337a57004752021ca580aef33bb99db4617884feb5d9dd746379566204dc0
Earth_004	data/cmip6_tasmax_pr_r1i1p1f1/ACCESS-CM2/pr_hist-r1i1p1f1.nc	2802440	application/x-netcdf	d03d92e84ec094d2763ab7b09bcc44832a274cc1f7d3bfda1060716ec8e8e276
Earth_004	data/cmip6_tasmax_pr_r1i1p1f1/ACCESS-CM2/pr_ssp585-r1i1p1f1.nc	2802440	application/x-netcdf	ca645b1fe3b1b385b3b8e1c4f7e6c01bc36ad4f5fb6a5b6aadb77a38737d715d
Earth_004	data/cmip6_tasmax_pr_r1i1p1f1/ACCESS-CM2/tasmax_hist-r1i1p1f1.nc	2804304	application/x-netcdf	747a442e192821958eb58660c5cf675fce61705c5b023da00db434779a49a901
Earth_004	data/cmip6_tasmax_pr_r1i1p1f1/ACCESS-CM2/tasmax_ssp585-r1i1p1f1.nc	2804312	application/x-netcdf	187124a1239e8a46975740b036d631becd4de6cc8420c517a12a53883ccfd83d
Earth_004	data/cmip6_tasmax_pr_r1i1p1f1/ACCESS-ESM1-5/pr_hist-r1i1p1f1.nc	2801416	application/x-netcdf	b8c593b40059614a780de373d495913efa0bad80e530bd5dc5a22b02483747d7
Earth_004	data/cmip6_tasmax_pr_r1i1p1f1/ACCESS-ESM1-5/pr_ssp585-r1i1p1f1.nc	2801416	application/x-netcdf	eef7b4471062dc2fa4a574d2fd0fdf9cf862ce58254d9d95118a64b7a7fa3ab8
Earth_004	data/cmip6_tasmax_pr_r1i1p1f1/ACCESS-ESM1-5/tasmax_hist-r1i1p1f1.nc	2803280	application/x-netcdf	411c2a5d5154c89fcbda7791b57ffb34873d68419163ef0cbc891933fa0b4dd4
Earth_004	data/cmip6_tasmax_pr_r1i1p1f1/ACCESS-ESM1-5/tasmax_ssp585-r1i1p1f1.nc	2803288	application/x-netcdf	1a0f3c674e273a161a17155347436cbff2f59ea8738dde8ab75be400f1edeb6f
Earth_004	data/cmip6_tasmax_pr_r1i1p1f1/BCC-CSM2-MR/pr_hist-r1i1p1f1.nc	2801984	application/x-netcdf	b74c1e7323eccf835368ae4a47dedf89976bd55fa0f2228bd21eead4503b17e1
Earth_004	data/cmip6_tasmax_pr_r1i1p1f1/BCC-CSM2-MR/pr_ssp585-r1i1p1f1.nc	2802376	application/x-netcdf	dbe7379512890fea4a8005935d6b9c1d0c387abf462412e34c6bccad4acef637
Earth_004	data/cmip6_tasmax_pr_r1i1p1f1/BCC-CSM2-MR/tasmax_hist-r1i1p1f1.nc	2804224	application/x-netcdf	a9e1a2e5a6b4477f8a11edc9ef99edc15a3fff4199d5c594abe41ee808e99cbd
Earth_004	data/cmip6_tasmax_pr_r1i1p1f1/BCC-CSM2-MR/tasmax_ssp585-r1i1p1f1.nc	2804206	application/x-netcdf	d91bc17712a1688a9ff27b0e649878f12a974d582587363ccdd55f7ff3753104
Earth_004	data/cmip6_tasmax_pr_r1i1p1f1/CMCC-ESM2/pr_hist-r1i1p1f1.nc	2801310	application/x-netcdf	b256afb830489f54f22e4568bb0e228191241aa77b8ad4a75faef79f97fea62e
Earth_004	data/cmip6_tasmax_pr_r1i1p1f1/CMCC-ESM2/pr_ssp585-r1i1p1f1.nc	2801310	application/x-netcdf	cd7fce9b25a092f1c3feb455928b820e8fe7ea389d062aa390d389bea0d846b9
Earth_004	data/cmip6_tasmax_pr_r1i1p1f1/CMCC-ESM2/tasmax_hist-r1i1p1f1.nc	2803061	application/x-netcdf	2087a62f8d33b638767ebe0290cc4d65351dc664fea189c3b12e9966edf48854
Earth_004	data/cmip6_tasmax_pr_r1i1p1f1/CMCC-ESM2/tasmax_ssp585-r1i1p1f1.nc	2803100	application/x-netcdf	7e7ce00538396f1fa08496736548fb5aa0e76026eeaa50afafa76b85d242ebdf
Earth_004	data/cmip6_tasmax_pr_r1i1p1f1/CanESM5/pr_hist-r1i1p1f1.nc	2802511	application/x-netcdf	d9a8eec89bc52dab8113e4d6e8ce75df6788517a735804623272536312b0d051
Earth_004	data/cmip6_tasmax_pr_r1i1p1f1/CanESM5/pr_ssp585-r1i1p1f1.nc	2802511	application/x-netcdf	c0ee3a1f0ca8fd44a87e981a51289ad26d12400d0b6b2e1b33d52121e5a257d2
Earth_004	data/cmip6_tasmax_pr_r1i1p1f1/CanESM5/tasmax_hist-r1i1p1f1.nc	2805497	application/x-netcdf	7d0fa9909d7d72571318a942858c582536ec2bc3cdd737918132ef71e0719c2c
Earth_004	data/cmip6_tasmax_pr_r1i1p1f1/CanESM5/tasmax_ssp585-r1i1p1f1.nc	2805504	application/x-netcdf	9c3e37b175c2a23916672907ad271838b0e82866ac97649fadb7468ea35184fa
Earth_004	data/cmip6_tasmax_pr_r1i1p1f1/GFDL-CM4/pr_hist-r1i1p1f1.nc	2802315	application/x-netcdf	5b3e3824ca9d1594035e0bf2f25b613af61ca4833b27310d6984f8e322ab36dd
Earth_004	data/cmip6_tasmax_pr_r1i1p1f1/GFDL-CM4/pr_ssp585-r1i1p1f1.nc	2802315	application/x-netcdf	a98fbab8bd7daf3f0fab3df774aca1e1b4db9221d11e74a57db9e32d09e6980e
Earth_004	data/cmip6_tasmax_pr_r1i1p1f1/GFDL-CM4/tasmax_hist-r1i1p1f1.nc	2804057	application/x-netcdf	dc502f7b3b693807a23200743a64fc8bd1dd7959f47e6095bbd1772c27246378
Earth_004	data/cmip6_tasmax_pr_r1i1p1f1/GFDL-CM4/tasmax_ssp585-r1i1p1f1.nc	2804065	application/x-netcdf	5873da463aefef6ad10d4b05ef89aa7692f12cce373e91507bd2f65f88f81dd4
Earth_004	data/cmip6_tasmax_pr_r1i1p1f1/INM-CM4-8/pr_hist-r1i1p1f1.nc	2801172	application/x-netcdf	66662b62c209ecb5ac728942627e07aa43004bec3a313e5cf06a9fd2336e3335
Earth_004	data/cmip6_tasmax_pr_r1i1p1f1/INM-CM4-8/pr_ssp585-r1i1p1f1.nc	2801345	application/x-netcdf	8f73d62112a16cf583bb99e83f4fb7c7e34c5d3cec4620fce0965bcf0bf17cd6
Earth_004	data/cmip6_tasmax_pr_r1i1p1f1/INM-CM4-8/tasmax_hist-r1i1p1f1.nc	2803044	application/x-netcdf	eceb5c5ad6eb419541f1100d796465401353d0d455409e3be2a949a9140e0c8f
Earth_004	data/cmip6_tasmax_pr_r1i1p1f1/INM-CM4-8/tasmax_ssp585-r1i1p1f1.nc	2803130	application/x-netcdf	f82090207c762a5fef1c3d1e3d84e979bd12ffe437264d87b4caeb2ddecf851b
Earth_004	data/cmip6_tasmax_pr_r1i1p1f1/IPSL-CM6A-LR/pr_hist-r1i1p1f1.nc	2803421	application/x-netcdf	c5869efebd2aa0ddf420e8c7270903754db13bc333562b19afea801a2eec7509
Earth_004	data/cmip6_tasmax_pr_r1i1p1f1/IPSL-CM6A-LR/pr_ssp585-r1i1p1f1.nc	2802397	application/x-netcdf	ffdc86b06fa7077af94bd5ac523fb32b500b982dc103540331190751bbf862b5
Earth_004	data/cmip6_tasmax_pr_r1i1p1f1/IPSL-CM6A-LR/tasmax_hist-r1i1p1f1.nc	2805017	application/x-netcdf	2feb842aaaa3b3b095617d74cb28d44978de7596d60fd55d960e24f80b56defe
Earth_004	data/cmip6_tasmax_pr_r1i1p1f1/IPSL-CM6A-LR/tasmax_ssp585-r1i1p1f1.nc	2804029	application/x-netcdf	f44bb463aae4fce5857819668dffa4166459181afc2e59ba334b0744920994d8
Earth_004	data/cmip6_tasmax_pr_r1i1p1f1/MPI-ESM1-2-LR/pr_hist-r1i1p1f1.nc	2801134	application/x-netcdf	cf416783f223e6637077f843c147b2cb14b56e5cea8a41f4722bb0350c2626f6
Earth_004	data/cmip6_tasmax_pr_r1i1p1f1/MPI-ESM1-2-LR/pr_ssp585-r1i1p1f1.nc	2801134	application/x-netcdf	36c9710b709b642a3ca1fcdc121ed7aa202c54698a452bc020c829cac39db967
Earth_004	data/cmip6_tasmax_pr_r1i1p1f1/MPI-ESM1-2-LR/tasmax_hist-r1i1p1f1.nc	2802899	application/x-netcdf	57fb7a2d23080c3ffda079e16443333ad8f57d32c47ed33257b345946063f159
Earth_004	data/cmip6_tasmax_pr_r1i1p1f1/MPI-ESM1-2-LR/tasmax_ssp585-r1i1p1f1.nc	2802899	application/x-netcdf	ec5a35f0485db4e5f8d0a9a88697e22829eea54a103313902ac6deb4c511a3a7
Earth_004	data/cmip6_tasmax_pr_r1i1p1f1/MRI-ESM2-0/pr_hist-r1i1p1f1.nc	2801405	application/x-netcdf	e152cc226be980e4e523bf5403699acf4eae56dd2d175ee94dc7555328f642f4
Earth_004	data/cmip6_tasmax_pr_r1i1p1f1/MRI-ESM2-0/pr_ssp585-r1i1p1f1.nc	2801405	application/x-netcdf	2a3a484c5e722807d237ecf8b6ed204a7fbc5f50212d9334fbe38592b9e311c5
Earth_004	data/cmip6_tasmax_pr_r1i1p1f1/MRI-ESM2-0/tasmax_hist-r1i1p1f1.nc	2803245	application/x-netcdf	971bcf41f11c1a125b4ed29317849b638461bb5cd7ae594e67af40b81c776a3c
Earth_004	data/cmip6_tasmax_pr_r1i1p1f1/MRI-ESM2-0/tasmax_ssp585-r1i1p1f1.nc	2803245	application/x-netcdf	0336d78fc967c413f1571a438d1dbfaf5a534af763c2ab485536a4618ad42ddf
Earth_004	data/cmip6_tasmax_pr_r1i1p1f1/NESM3/pr_hist-r1i1p1f1.nc	2801356	application/x-netcdf	870c8f18e6abc3bdc9efa64362904b8b9512b972d34559bd9d168469764c72a9
Earth_004	data/cmip6_tasmax_pr_r1i1p1f1/NESM3/pr_ssp585-r1i1p1f1.nc	2801356	application/x-netcdf	73a22f00ca09d377d3562ef2c57c6696c28ab08decd28a6b96681f9e08c732a8
Earth_004	data/cmip6_tasmax_pr_r1i1p1f1/NESM3/tasmax_hist-r1i1p1f1.nc	2803219	application/x-netcdf	231deff235e9124623fe4e35ffc60b49c95802192ef4d202ba519e474d361213
Earth_004	data/cmip6_tasmax_pr_r1i1p1f1/NESM3/tasmax_ssp585-r1i1p1f1.nc	2803219	application/x-netcdf	4dbf5fb517d6395ab08f4e4171a6436125d6c314e33308504dc276cd31704ea5
Earth_004	data/cmip6_tasmax_pr_r1i1p1f2/CNRM-CM6-1-HR/pr_hist-r1i1p1f2.nc	2802397	application/x-netcdf	ee6cdb5cce0c7b0ffeeee1076a76a61ba379f0b1ccaadc8b57a118525e36627b
Earth_004	data/cmip6_tasmax_pr_r1i1p1f2/CNRM-CM6-1-HR/pr_ssp585-r1i1p1f2.nc	2802397	application/x-netcdf	5bf630eac1cdbd6b9b18d91bc3176e975cc3816c6eb0daba434ee6c88eb320be
Earth_004	data/cmip6_tasmax_pr_r1i1p1f2/CNRM-CM6-1-HR/tasmax_hist-r1i1p1f2.nc	2804046	application/x-netcdf	49dbda51a9f0ea12b1a7184db59ff20076c04e3b892cc559fc706c9f59e44f1a
Earth_004	data/cmip6_tasmax_pr_r1i1p1f2/CNRM-CM6-1-HR/tasmax_ssp585-r1i1p1f2.nc	2804046	application/x-netcdf	ed73508e92ed38d6ea257a446142633663c4792eb1ad3021023131835d7e7d35
Earth_004	data/cmip6_tasmax_pr_r1i1p1f2/CNRM-CM6-1/pr_hist-r1i1p1f2.nc	2802397	application/x-netcdf	1bd8021c4435cf8676e00b2070a28a3596727471cc832b8320f38405f040a27e
Earth_004	data/cmip6_tasmax_pr_r1i1p1f2/CNRM-CM6-1/pr_ssp585-r1i1p1f2.nc	2802397	application/x-netcdf	a25b3da2dc3779be7537bc1d2e5c6eee53cb8003b7cfbe4f399ffd2a72dbc939
Earth_004	data/cmip6_tasmax_pr_r1i1p1f2/CNRM-CM6-1/tasmax_hist-r1i1p1f2.nc	2803962	application/x-netcdf	52a94549a4bbf57799cabc7b0092ad67c4849655494e6beb2b5e3b84443e927e
Earth_004	data/cmip6_tasmax_pr_r1i1p1f2/CNRM-CM6-1/tasmax_ssp585-r1i1p1f2.nc	2804046	application/x-netcdf	3ceeb58c87553faffe59541c6e90d01a543242509e85cdc9c4cf6ee07a9c9e09
Earth_004	data/cmip6_tasmax_pr_r1i1p1f2/CNRM-ESM2-1/pr_hist-r1i1p1f2.nc	2802397	application/x-netcdf	d9c491b258cc2f627050558ebdcea1ca5bced5e0ec1e8c687db366d3f1ff31df
Earth_004	data/cmip6_tasmax_pr_r1i1p1f2/CNRM-ESM2-1/pr_ssp585-r1i1p1f2.nc	2802397	application/x-netcdf	f177e5236a98567a70ea94f92fffac1b896fdca066f61fa84cdd55fa0419fb8c
Earth_004	data/cmip6_tasmax_pr_r1i1p1f2/CNRM-ESM2-1/tasmax_hist-r1i1p1f2.nc	2804046	application/x-netcdf	769b559eba65a81a53828f2d199bb6ebaf23897935c6af1eced0652d37a2d3cc
Earth_004	data/cmip6_tasmax_pr_r1i1p1f2/CNRM-ESM2-1/tasmax_ssp585-r1i1p1f2.nc	2804046	application/x-netcdf	71676ea993e0d529d71ac2437fbe7d34ccb6cecc981389a28c429ee108949940
Earth_004	data/cmip6_tasmax_pr_r1i1p1f3/HadGEM3-GC31-LL/pr_hist-r1i1p1f3.nc	2802461	application/x-netcdf	9e92c72392540dc6ceed379cc7ed7fdb8cafd075f9c4e006e4e4789b0fd86b64
Earth_004	data/cmip6_tasmax_pr_r1i1p1f3/HadGEM3-GC31-LL/pr_ssp585-r1i1p1f3.nc	2802461	application/x-netcdf	9ebafeefc3d9f3b2bcd10d343c68d9c2b5f68888c7b15a33bf00cca4b0590653
Earth_004	data/cmip6_tasmax_pr_r1i1p1f3/HadGEM3-GC31-LL/tasmax_hist-r1i1p1f3.nc	2805336	application/x-netcdf	d88a73b91f9e4fc3228784fa815d80928e413f663dafe56284ba272f2c2b710b
Earth_004	data/cmip6_tasmax_pr_r1i1p1f3/HadGEM3-GC31-LL/tasmax_ssp585-r1i1p1f3.nc	2805336	application/x-netcdf	267940e30317e97c76d5cdc12bba40fefb7c5e9a606d354e941e89120bd024d3
Earth_004	data/cmip6_tasmax_pr_r1i1p1f3/HadGEM3-GC31-MM/pr_hist-r1i1p1f3.nc	2801168	application/x-netcdf	8e7200127679557484f8fb2c2dc04ea9645c0ab7cc5ccacb7ecf4864bf420d4e
Earth_004	data/cmip6_tasmax_pr_r1i1p1f3/HadGEM3-GC31-MM/pr_ssp585-r1i1p1f3.nc	2801168	application/x-netcdf	0ed9955b6803cdead049e76e6da9ef65dbd2e21a6c7c0bedddab5b7615d21e45
Earth_004	data/cmip6_tasmax_pr_r1i1p1f3/HadGEM3-GC31-MM/tasmax_hist-r1i1p1f3.nc	2803061	application/x-netcdf	7592d12afebb2a599db6a440150c1ee20211387000cf4b193f951ead9b39cb33
Earth_004	data/cmip6_tasmax_pr_r1i1p1f3/HadGEM3-GC31-MM/tasmax_ssp585-r1i1p1f3.nc	2803061	application/x-netcdf	554145d33e3e3d1597940a0701b819a7e0fd00e72b7a72ab9b2fce6d7fed8f1b
Earth_004	related_work/paper_000.pdf	11038712	PDF	52c278e7f4826cb4b8b0adf035ff8628ee3d0ed60ee55a91c6a6cbef68d5b3fd
Earth_004	related_work/paper_001.pdf	2837477	PDF	38f233a23c1dee39edeae9cb721768e5392e2adb1bd919e851f56f135b1b600d
Earth_004	related_work/paper_002.pdf	2464521	PDF	ac3cdea3545960d20a1e2e5b865126318b218a38dfa71beed5820d3531a50fb8
Earth_004	related_work/paper_003.pdf	3886320	PDF	90cc700bfa72f1619fabd3dc9a4542e1f9e3f0a74f7d78c8d4e5c34baac34e20
Earth_004	target_study/checklist.json	2708	JSON	94c817969ba93828b816dfaec92cc4630eb7465db0fb85c23f3add6b94be3b07
Earth_004	target_study/images/2d2cccdaddbdd8268ce92f00f3cad53d3278cc9522d8f79de149183ece39a769.jpg	231629	Image	f75b98b2c9e324501dfb85a081297404a40cbe55bb2b98ddde058aeab56b20cb
Earth_004	target_study/images/50ea0f08be91dcd4400cb2bab8cc77629ef2239205e3c9b4c637a3cefe956e11.jpg	222547	Image	a87d553ac8b3800227e857ffbabf0fa06614cc6c44330118785234022a4f8923
Earth_004	target_study/paper.pdf	1761683	PDF	23890f46b2ffb690cd18eabad8de7a56511bf38cde43c6f9e4f77aadbf701f5f
Earth_004	task_info.json	32446	JSON	ac51cf6685c1471299a447bd422b5188d894c15db2e6ad51f68acae492df9ced
Earth_005	data/hydrology_context.md	1722	Text	74b6e5f0277ea4aaad840d3d048c48a9f87b2627c637a49b220e12ea7757288e
Earth_005	data/source/RunoffSurfaceVicMod.F90	4817	F90	d7615df99298c49466820965bbe844660efe8fe8a1a6d2ad42b48717c95c5a52
Earth_005	data/source/SoilWaterMainMod.F90	16110	F90	e88f05db479719c682dc2a83e8c42e0f02f78540250c171996870a0ae5b876e3
Earth_005	data/vic_runoff_scenarios.csv	3301	CSV	5105beb0b05f833618c55c1809bb3066be3684d72dc49224d3d176cce556027f
Earth_005	related_work/paper_000.pdf	11692241	PDF	ee92506da0397ca2c433ffb6128619f97d284876283aff6a82318628ff0542f4
Earth_005	target_study/checklist.json	3978	JSON	a239f7f7da3697bc27dcce90db81c1f80a2ec61461d48787c3128529fa970666
Earth_005	target_study/images/vic_reference_outputs.csv	4760	CSV	3514b6121244b634369b2a8d93f2cd0a2e17dbfa0b10a6d224568c654ba2eb87
Earth_005	target_study/images/vic_reference_summary.csv	194	CSV	a2531dae3738e0df6eee19312288a0077058ca5c2d4ff6dfa3c2bae0aa90f246
Earth_005	target_study/images/vic_runoff_partition_fixed_input.png	60895	Image	248da65b7bbb7ad3f62b6ceb5687b3c798b5f6530ce2f40e17cb93ffdb9d8637
Earth_005	target_study/images/vic_saturated_fraction_response.png	88929	Image	d25dd566907805ca9486d71cf990695984f4b796428d5eaffd80072a556303d2
Earth_005	target_study/paper.pdf	6824860	PDF	d8705b168bbf0dac709cfc03a9d5dab2d0035cdf4e3cfea8fcbafcfe3484d2e3
Earth_005	task_info.json	2071	JSON	79ed3b572a86b1d8a00ff36d6bdbae4b2b57644e7f76f95225e3281db62fcaa2
Energy_004	data/solar_stations/Solar station site 1 (Nominal capacity-50MW).xlsx	3377039	Excel	ccb7f6dc63a98ff95205e81498998e7fdae742704e933e96453f6718c7b69119
Energy_004	data/solar_stations/Solar station site 2 (Nominal capacity-130MW).xlsx	3983338	Excel	dcbf750e13987f97cfef502daf6d589879ae1d95744cdc79c5329e3212678ac8
Energy_004	data/solar_stations/Solar station site 3 (Nominal capacity-30MW).xlsx	1069047	Excel	0742f9176dad3bbb17fb848c9db6eceed95dbe8bc462b9028ed58f8c50a806bd
Energy_004	data/solar_stations/Solar station site 4 (Nominal capacity-130MW).xlsx	6479911	Excel	6fcf340bb0a38ea3d7915017923d3dca9a5c6e9a13e6c247d18b58d07efda55a
Energy_004	data/solar_stations/Solar station site 5 (Nominal capacity-110MW).xlsx	3470280	Excel	6108a327be357302c84b88540e96c09eaa2dbc90f9b42694aad7b2066db56734
Energy_004	data/solar_stations/Solar station site 6 (Nominal capacity-35MW).xlsx	4285324	Excel	16e46e1688c30ecc0bd282c493ba39ea7ad4e0526889f6a480a6c4b7aeac43e5
Energy_004	data/solar_stations/Solar station site 7 (Nominal capacity-30MW).xlsx	4460611	Excel	b3795fada607263cf797c830ec705ecf200907329c87992f4e7d5261e0250317
Energy_004	data/solar_stations/Solar station site 8 (Nominal capacity-30MW).xlsx	4717372	Excel	3aa5aad30407eb0c3070156b7db1df8296ff17722ed1463d4c14c320ee09f1ad
Energy_004	data/wind_farms/Wind farm site 1 (Nominal capacity-99MW).xlsx	8301819	Excel	c9bdafaab05ae728b88f252c6858033800c31b058d48ab4123dfedfbe4c7a21f
Energy_004	data/wind_farms/Wind farm site 2 (Nominal capacity-200MW).xlsx	8122793	Excel	9586406e712a310b1e9f180318b93068334321eb39a0eff3b604d72b383dc3a7
Energy_004	data/wind_farms/Wind farm site 3 (Nominal capacity-99MW).xlsx	7576032	Excel	8064d57015c76c89c9ffccdf0944aeaf10df3733af5b8713f6f65200fd13a197
Energy_004	data/wind_farms/Wind farm site 4 (Nominal capacity-66MW).xlsx	7740877	Excel	751a2dc5cef489519c03d0c080e8e7e71ed4d2a2e721cae81cca8055473fde7e
Energy_004	data/wind_farms/Wind farm site 5 (Nominal capacity-36MW).xlsx	5451779	Excel	34edf45ea08dd913e4afca208da21b7cb7594be494a449ed60ccbfbe04c690ee
Energy_004	data/wind_farms/Wind farm site 6 (Nominal capacity-96MW).xlsx	6753502	Excel	8b898a49a215aa1cfdb27a5924685944fe97a2d828f86b398df6f8ed060e7767
Energy_004	related_work/paper_000.pdf	5271214	PDF	1d272136f5a54dd0817990478c510a45b58e001de40700bf179494a2d16bcf4e
Energy_004	related_work/paper_001.pdf	3169415	PDF	abfb714fd624bb747fd73f6b75fa04e24ee3f45f43824017e172b7a8c3364480
Energy_004	related_work/paper_002.pdf	4681593	PDF	bf905e85c5d839587fce2dde82dc0dcc457e9928e750d3dc5e8df92ee57085ac
Energy_004	target_study/checklist.json	2616	JSON	af9eaabc46003adbeef4ce3bddfd5ac808745bee4f768ab0d258b8f4f704ced4
Energy_004	target_study/images/b59eb9e3468937ce20cd2e5c389ffc7f28e2d3673d940a5d924e96d2f3b68282.jpg	239949	Image	a1b6a10f984f3ae727e37efcedef9544b9028c119d2e4329dc8a26fd6aeb3b60
Energy_004	target_study/images/fc0ad5c6a2e49f0ac2d246a9b68de2f8d45ffd349d2948df69d6f39c8504a5f9.jpg	342800	Image	049f6fb465c4d1694831553b61868bcad5596fe414339c1bf9cafb6a177bcb1b
Energy_004	target_study/paper.pdf	8467884	PDF	6d76a29720df28d4b076e12cfc3c68a6bb19d937dd24ec43145cd6fe14218c65
Energy_004	task_info.json	11329	JSON	04d51ac7a9a73ba3927969ba45628496f3d1d98adb0d1a9e7528c67d39cf778d
Information_004	data/images/pair0_view0.jpg	48975	Image	16d5b3bc9552c16ae772ea2afbe976d1287c612ebc7402abab7563b139bde570
Information_004	data/images/pair0_view1.jpg	48821	Image	a37395999de474b67504da37f0e6b92eca4386b4de196715d945b3d9d830b961
Information_004	data/images/pair10_view0.jpg	56108	Image	978469190e5fcf1579bc262bee5d33f6e91400763440b4334edd101b503a5735
Information_004	data/images/pair10_view1.jpg	56356	Image	7758b501a1d6be8a510d26cd0ed83f93926c5d708df026e754baf06a0b453f98
Information_004	data/images/pair11_view0.jpg	77269	Image	2f58fb271ac2b9d18d117ffcc7b757e857d9b04dd5e6bddfd4caf33da5ea6d78
Information_004	data/images/pair11_view1.jpg	77562	Image	7a7765a9eb7898dbe47ec1d3a8072cd7b1cb402d8141741f8be2dd94479a1826
Information_004	data/images/pair12_view0.jpg	52325	Image	26792b4dd48d8cb2c43f508289b0faa1161a8c48fd796b6385f8979db03bca86
Information_004	data/images/pair12_view1.jpg	52310	Image	306929e3e3492132c1c81527574b52045e3c36ff8b22728f33e153d14418c461
Information_004	data/images/pair13_view0.jpg	69815	Image	82269a0e5cb90ebbeca26a45bd2a68d25ecc510b5970ef704cbbbc05c780c29c
Information_004	data/images/pair13_view1.jpg	69965	Image	0cd5ff55f3a35728bf86fc4d041448adb66fd5495b6e6562e43309c9c2420082
Information_004	data/images/pair14_view0.jpg	86296	Image	7fda7e0e42295759ca2ac8b1063d3054488f0c98e2da3bb7489dac18a19bc074
Information_004	data/images/pair14_view1.jpg	86014	Image	c6030749e34ea5cc32eb1d01d736e591f221dbcef44a20ef2b8bbd9b1fda7113
Information_004	data/images/pair15_view0.jpg	141457	Image	9b6873df3025f350f0704260069b566a38019e11aca67a45d00de1e680adfa50
Information_004	data/images/pair15_view1.jpg	139675	Image	6731e511d79661bd739cdf66817af5055b96383f29f6cdb9f60493f3e69cf8ea
Information_004	data/images/pair16_view0.jpg	86455	Image	3cf501b12cd560aad70bfc8c35a32a609db67deaeb2a3e1ce4768f6d06994573
Information_004	data/images/pair16_view1.jpg	85131	Image	b79ecd47a5d1a1416e21a89a0482080ca92aac10b69f81540e4863a70023719f
Information_004	data/images/pair17_view0.jpg	61170	Image	2c79dd5da7cd5dbfc95f7b5d71c29528153a1820c29f0cac6257fd39ac6f67e5
Information_004	data/images/pair17_view1.jpg	61166	Image	ed71f9976f333d57e6a25de7efdad87a97e9092b6769c95d8cc4ae6f2d811641
Information_004	data/images/pair18_view0.jpg	138027	Image	a556e876e9853b53f234d5d03ac97f1964f20ae5c0d95df858624b6dafc147e3
Information_004	data/images/pair18_view1.jpg	136828	Image	fb79ecab13cd459fde6cca2d2be80cfdb30115a8679497cd7746c97888649670
Information_004	data/images/pair19_view0.jpg	47511	Image	25a6bdb56b95ea2bac83f6b30444052d53526b5582533cca902d87d4ff6f3318
Information_004	data/images/pair19_view1.jpg	47272	Image	ae8b1b8ed4f09c417c7813c416e7e9689984b05ef5fb3d1be777983df0f800e7
Information_004	data/images/pair1_view0.jpg	115350	Image	3a7dd10f8ba32ab358e72584d799d781247e751e0d65621dc85ba67bc044c83c
Information_004	data/images/pair1_view1.jpg	115663	Image	cc378dc3b401137f33e2fffa9adf1146e0a640b301900ad21310149125fdb6fe
Information_004	data/images/pair20_view0.jpg	81498	Image	8d06ef21544caea610eaac922c06828ccc80d899a13341bf894385ed03da9e5b
Information_004	data/images/pair20_view1.jpg	81682	Image	1bdc8c80cbf9ead707fb4b4dac80369d986af2c9ff0fb86e4487a31b021baaa1
Information_004	data/images/pair21_view0.jpg	159379	Image	33568fbd28b9592150e6c0092da9523f0aef3e293ed6cd9155787c5673d81b52
Information_004	data/images/pair21_view1.jpg	165774	Image	18079c1b6b990941f1997831b5ba0c00839366514baee2b511b8a60aec9dec8b
Information_004	data/images/pair22_view0.jpg	147132	Image	9caf0683e6af37a6e29733308c18ebc62844dd54a2a2384d0e2f927027c0dfee
Information_004	data/images/pair22_view1.jpg	146099	Image	936eb35a523567bd5d48b0c02e01323028f9a378b97fde1070d64ccbdf3acca1
Information_004	data/images/pair23_view0.jpg	54644	Image	b9ca88419eb7503286fdae89853f6d49dff70a8a7d52824bd8c2562072efbb4c
Information_004	data/images/pair23_view1.jpg	54263	Image	d61ce0808778d70a9115d988c2b7a1a1b4d9642ef099be2601e9e095822e4e6b
Information_004	data/images/pair24_view0.jpg	48170	Image	c03df4820c5ed46e2368497048a0ca1caaae44ca5b308b00949805a82952edd4
Information_004	data/images/pair24_view1.jpg	48396	Image	9ec02c19377374c91f7bf3bb1c830ff6f67c0097fdcf9dcb2a652273fddf7749
Information_004	data/images/pair25_view0.jpg	102247	Image	d5e3b184830bf4410955c2a73fb2f0cc2d764a570024316e164977dfa6746e57
Information_004	data/images/pair25_view1.jpg	101902	Image	b1554b990903c4e74c285482d31d7bdc21187777e002230f7f60ae5ed02ddb69
Information_004	data/images/pair26_view0.jpg	73272	Image	89df816948439d020b7ed0c77ef26bcb129fabe9f4bb8e54fac86155797ed5e1
Information_004	data/images/pair26_view1.jpg	74967	Image	177451928dd9233410880be29c9231217a28570cc5d42a48acdb2c95e9b20772
Information_004	data/images/pair27_view0.jpg	105601	Image	4590c0382af178cfb63872be5b626d75b62e6fe26bd8be61096cb748f861aa86
Information_004	data/images/pair27_view1.jpg	104118	Image	03cf4f3d516fd2e33dd6100f4b0c3b01e7e3427f845908794882d074115f9abb
Information_004	data/images/pair28_view0.jpg	52747	Image	ad670319953285d4f21f4f672e406e9a577a5f8c659173bcb67ef59e1f09a77f
Information_004	data/images/pair28_view1.jpg	53251	Image	033cb79a814f973dd9d5cd6155ae8adf63f6b7e1c9abe8d772d7d5526a31630e
Information_004	data/images/pair29_view0.jpg	59292	Image	b9080f38d8c013007fce3eb0c32ff933566b93927d7e6d4eb27ca888953c06dc
Information_004	data/images/pair29_view1.jpg	59288	Image	182cdef7d3453cfcb52d0a403fa23cb5045fbeb1c854aca0d8a7c808aef4a9a5
Information_004	data/images/pair2_view0.jpg	88867	Image	dfb267eef416432b0447e632d40771d22cbd63d6399c5e88e350cc2d9cc54bf9
Information_004	data/images/pair2_view1.jpg	88304	Image	b775d15d8f72aeac6c5b5e8951d6fba5d68f76abf72caca50b35565107009e87
Information_004	data/images/pair30_view0.jpg	119226	Image	0a34289f23257b16f562000c6b6b26dc64e43dbb2ff66a98adf30b708018a53b
Information_004	data/images/pair30_view1.jpg	117503	Image	f1d0d3911d179489418582ed3c9c1d5775e85e1aec22c6befbdebf5fb96307af
Information_004	data/images/pair31_view0.jpg	153242	Image	b0ceffb8167d73b43dc258c332dd9599e0b84d5aa07368fb745defa5f708b303
Information_004	data/images/pair31_view1.jpg	149720	Image	74efc8141e44033f19e7fc968d2d71161d45e7e4c7c97efcb7c8da91aa50fcdb
Information_004	data/images/pair32_view0.jpg	74301	Image	f9000154fa7865625a7a3caef29e6b2e481a23efde6e8ac3a30647428a4a2d6a
Information_004	data/images/pair32_view1.jpg	73994	Image	a965e352a87ea2e6a18200abcdf9e5bf5dd58ffc7505eb13b85e1de14a8b9814
Information_004	data/images/pair33_view0.jpg	52647	Image	18b2fd1727634dc2eb31e0f289ab9083be169fb8851cc491caf0b35b11d54555
Information_004	data/images/pair33_view1.jpg	52516	Image	a3ecd9db6d5c4dd8b733c21c6bab5870a74358504f3a455d68b5c6265eb07c12
Information_004	data/images/pair34_view0.jpg	51147	Image	d9630fe2867d42a443eb229a5447f7ac83a7c876107a63bbc3964a4e476fcada
Information_004	data/images/pair34_view1.jpg	51180	Image	659fd2f553115cf3fe13bd52a525e6675f893e2ee54c2cfab759e9aa07d52f0e
Information_004	data/images/pair35_view0.jpg	76458	Image	de1201f3d6851e02b28c6d9b9644f8e93b095f29e6eb5554f614f67f89915687
Information_004	data/images/pair35_view1.jpg	76760	Image	1a1963be748c85e37eae287b68a1dca8b07c5fbc9c0868302992f555ff52e9a5
Information_004	data/images/pair36_view0.jpg	90594	Image	f7212ea35135f7e881e002d33e7de1bed8ed89cc9d63ef506b791c928c58e59b
Information_004	data/images/pair36_view1.jpg	89401	Image	f028ea2fd5f571c79f76433f71bfe3e6223db0881bab68cab28a18770cd91105
Information_004	data/images/pair37_view0.jpg	88890	Image	051f6c69e9cc3e6a33790ea2e9ba737d459811035b68ddb9a8d4fccb310e3635
Information_004	data/images/pair37_view1.jpg	88242	Image	48e042af7962b2e7dfb0941dddd9914069ffa8705c42fd82bf0bd54fdf13eef7
Information_004	data/images/pair38_view0.jpg	82272	Image	675a3b236cd2020de1d7d831d185631a735e252008e98b5cd8257924771954ca
Information_004	data/images/pair38_view1.jpg	82907	Image	bbb373ce91975562a347203d4d0d99633729691222896e28315ae1353262fb64
Information_004	data/images/pair39_view0.jpg	54462	Image	ba02af30487f533b6c425956bee3fe7398f151a48ea4ead2308cc1bcf6b4c599
Information_004	data/images/pair39_view1.jpg	54478	Image	82ec5187c89f20a765a600e580d62b0509764ed302e3a72c7ef8bfbaf9f8d46a
Information_004	data/images/pair3_view0.jpg	65539	Image	25b8b87c4754541e805cf340ee9e8254a87a5af258db1f914b784ad0176756b3
Information_004	data/images/pair3_view1.jpg	65845	Image	ee6138db96bcc84da035f1346121a7062b5154c2e73f1e78e5ab27cf8615a1b2
Information_004	data/images/pair40_view0.jpg	46644	Image	6bf4e69420a3145ebedeafc727caca41bc9d27a2e7ad2a981f228cab66339162
Information_004	data/images/pair40_view1.jpg	46570	Image	4a6238ba7d42652f4a0018e149d62e79e5513e5824f3e48e3ba09ffb915aa88d
Information_004	data/images/pair41_view0.jpg	50784	Image	5bace84686f69fec259e959af8c697f489d37dc9359c8409c9034b118d59b699
Information_004	data/images/pair41_view1.jpg	50810	Image	70992ce17d17bc1e2728b777a80b260b9698bc5517efd92edaa084734dc20adc
Information_004	data/images/pair42_view0.jpg	69604	Image	2bcd07f0796f47916c842298ea08e3d8114b87dc2da41faa2ad34c847c0be106
Information_004	data/images/pair42_view1.jpg	69654	Image	0ae78d4af9068c8a2f541b633e64930af6f1c17b87c7f77cf7755698f94b17b6
Information_004	data/images/pair43_view0.jpg	89268	Image	c0f36e6cade37dfe45e910dbeccedee49dd2514f8801b9e7068a97d3c2d0f83f
Information_004	data/images/pair43_view1.jpg	89503	Image	70da993251c0029d3a8d5515b64d0dade6042bbbc8fd1af5f614d6fa1e9503df
Information_004	data/images/pair44_view0.jpg	65487	Image	e5ad13b2a24939fbb6f7e105a419af4e80780b3ddb01faf002ba9e991a4c00b4
Information_004	data/images/pair44_view1.jpg	64824	Image	d72e1f3443d194ad702af32bcbdd08cd10b960208d5000106132df08a757d39c
Information_004	data/images/pair45_view0.jpg	46152	Image	cbf1ca6cf05e773966383b2a2af14318187a7404f05f836d7d36e3c68c3c6ad8
Information_004	data/images/pair45_view1.jpg	46189	Image	1871aeaf9577e54bda4b7e87e497be0498d3f8d26a8693c76182cd30d83c1747
Information_004	data/images/pair46_view0.jpg	47689	Image	7b769cda6cbaaa91e1c0a3ed78a8e0cc7989bacd5abcef71cc12347f1c4c7ac0
Information_004	data/images/pair46_view1.jpg	47866	Image	ce645fbfb17fab1ebcf699f4b02dd1e910bb9bf3e5601a1fa8db61ade613d236
Information_004	data/images/pair47_view0.jpg	110817	Image	2b73d9e5b7fe33164e074b0dfd1a647e583927b363e191204d40e97c06f6720c
Information_004	data/images/pair47_view1.jpg	111191	Image	457a9bb22427ee22da4770b8ed8489afb050f5898172268a7e19ed2ec53a8f5f
Information_004	data/images/pair48_view0.jpg	71916	Image	40e8044165f191929fa291bf86ad79c8dfed02eef13b60e0c475f5d3e40b5d55
Information_004	data/images/pair48_view1.jpg	71432	Image	1af1928a98ca8d1dc37f0cab4cb6c3e814124cd4c92ec648ccd4857045e20a6f
Information_004	data/images/pair49_view0.jpg	91418	Image	338f2dff5797a5ef72accb24d2b0ab8add67dac8bdc69ad487ab05e779afd7cf
Information_004	data/images/pair49_view1.jpg	90804	Image	724eada587e732d38f88921291d8335b58024815f01d13911130f82cacfc9a94
Information_004	data/images/pair4_view0.jpg	55319	Image	47e30a4d3bda72a7005edb4547e1943e55e0169c0f39ff2f4cdffc429a06587d
Information_004	data/images/pair4_view1.jpg	54934	Image	ef492335a32ac620763eafb79b09e90b9d0a0655ac59c965e2dbce502e4ec2c2
Information_004	data/images/pair50_view0.jpg	105800	Image	0ce9628cdc207c6269235ac90b4640a8a65e6f6dd85c7ca2dad45de1badd6c8e
Information_004	data/images/pair50_view1.jpg	105633	Image	b909feb97a486da9780a674e80f95e2ff7e3eb1d2e317cc50664a1dcfeee0460
Information_004	data/images/pair51_view0.jpg	66276	Image	66f93c7e3e60237f59411881d00663a3f7cd6035d93f3dc21466fb2d21981556
Information_004	data/images/pair51_view1.jpg	66190	Image	09070100cb57d7da7337c9a80ba66a243bec669069163fff8284d4c7989fd0aa
Information_004	data/images/pair52_view0.jpg	63335	Image	c499c30d91919cbab66332a85479ad7c89cdb5ef68795787d448c173166a2691
Information_004	data/images/pair52_view1.jpg	63154	Image	a7601eeda7cdbadb482155301cb3cd1bf2539f74a709eddbbae8d205ad55d9f3
Information_004	data/images/pair53_view0.jpg	93222	Image	45d51a05067cad6d56494508ec7a9d4a3be6c9c2b4e375a3894d441812aaaaf9
Information_004	data/images/pair53_view1.jpg	96646	Image	c250b20cb76047f766581857771c6c8a664c1310b96ae6672b2b30f6c191e25b
Information_004	data/images/pair54_view0.jpg	79172	Image	adb48c62ceb151c93e76d25415cdad5ce60bf6e4b8506dbffb96fbed702c59cb
Information_004	data/images/pair54_view1.jpg	78660	Image	c9ef0f722449f0024136d3a159c85ffa196eafab7e98cd31ec88f5110a305df0
Information_004	data/images/pair55_view0.jpg	81336	Image	8db5381b0cbb33becb606e995d4f4385f2259e21d49879b8b9091265f89b24e7
Information_004	data/images/pair55_view1.jpg	80904	Image	03b38bf60f384484261097c8f61061933a51edfe701ab51bbe2e4d0885353fe4
Information_004	data/images/pair56_view0.jpg	116294	Image	732a9f1a973e78c70715f3f1c3f527697333cde8f345b7e08e9c7ba03fbc9838
Information_004	data/images/pair56_view1.jpg	115549	Image	de0bf415f8b64782aff755794ed1df05fdcaa46240ea5952d086196f38e79852
Information_004	data/images/pair57_view0.jpg	81987	Image	e34adbaefa83e1d470558d60ff80a2fe2dad2e090d68d93cd58a0b8753ef817f
Information_004	data/images/pair57_view1.jpg	80859	Image	0ac7f2f4b3861c9a22fbbf44487f0e707a3620fe23160225a646e3b0679588f8
Information_004	data/images/pair58_view0.jpg	51735	Image	a381508a337f9aa755394f63ebafbf836280e45efae8f3ce3870936d2dd85049
Information_004	data/images/pair58_view1.jpg	52089	Image	b4b914570181f91834f7d038ee283c5cca4bf85d6e517e49d7c577859815d40e
Information_004	data/images/pair59_view0.jpg	56719	Image	b25ed33e70140d76cf41a1f6e4183bd931125b252dff4cde37cde3f24c9d71fc
Information_004	data/images/pair59_view1.jpg	57066	Image	e42e03b2442dfe9a100c3ff4d4edd8b4f9592419dc67926cc7383db9a7a26455
Information_004	data/images/pair5_view0.jpg	79657	Image	28f63e279f758df6e53da9ccaeb1c63a36545da3a4a9c025516b9a8a3004b693
Information_004	data/images/pair5_view1.jpg	79490	Image	d0820b8388213d5ddd0ec2addbec353cc06833c2a125b86a61de21828dd91eef
Information_004	data/images/pair60_view0.jpg	143722	Image	42da2aef515b930fb1ecc26c4d30c1115ba9ffd5182adf7f266aa14b651b3885
Information_004	data/images/pair60_view1.jpg	154533	Image	0051a7d62d413533316f62e4c58fc5538119fbfaaf40ec4279a9e441c4e825ff
Information_004	data/images/pair61_view0.jpg	68361	Image	a9a61ed6a36fa5cf3472c3ec01724c816d6a5d987f333a728ff3205354718bba
Information_004	data/images/pair61_view1.jpg	67805	Image	02d093e93668b22ef2c7ffa345911a67458ebd2e0faabe44c939d93b41ce9cc7
Information_004	data/images/pair62_view0.jpg	54790	Image	924df8e9bf8791c36e9fbc2ea168711cc5cf0dc02944f038ee9c0c498ffef6b8
Information_004	data/images/pair62_view1.jpg	55128	Image	209492896478e5c31c22956bdf4f5c13a977ffbd8109703770f4cc8fb04c7cc3
Information_004	data/images/pair63_view0.jpg	51444	Image	8b9d3a8669375868c0c14290193baea5b5d5ce1870d66b6ba6308ca1df392955
Information_004	data/images/pair63_view1.jpg	51514	Image	cea5063e80410981d58f271ff5db083bf1011c5abc734398b8074078732ac7f8
Information_004	data/images/pair64_view0.jpg	87653	Image	0a3728d225bad6c15205207a2e7a34a1cf7dd1688bd9ad86b14b281e8e97fbda
Information_004	data/images/pair64_view1.jpg	90005	Image	7e4ee135e66a8b82e891c5cf6e6c7eb35dc40863024a3161f97187db23d8f5f8
Information_004	data/images/pair65_view0.jpg	63365	Image	7f66eee81f39dcd04698bb8ca4986f3dfe618e032b274bf63004d67385790269
Information_004	data/images/pair65_view1.jpg	63157	Image	f36415ab63effcbb9c8f1514e347d68c1ce701fe2d9af098c90f01522158424c
Information_004	data/images/pair66_view0.jpg	56034	Image	f80341fb98fd129c7ea2da385f18e7b175f655ba989436b1d60f67d02ee039eb
Information_004	data/images/pair66_view1.jpg	55719	Image	0ec4e2f5c1bdbb97d2ec9694f892cbf1999decc3cf79ac2206491495969486bc
Information_004	data/images/pair67_view0.jpg	83799	Image	777167fefbfa99faecda6296290965ef9176e415258ce6255357eed24f072f61
Information_004	data/images/pair67_view1.jpg	83770	Image	806327a0733615a023d40645e65c0ae91f48ccefba9c302cf20161d5be275ba5
Information_004	data/images/pair68_view0.jpg	90386	Image	2d5954e4e54129f8f4a86620340ca76c9ddaa17dce51d013fa94ab5e608620c2
Information_004	data/images/pair68_view1.jpg	91916	Image	1b94bd7ed1df343fcaab763bae4f03b4a9f3e49d4e5db3b1c688f4eae9772ec9
Information_004	data/images/pair69_view0.jpg	94251	Image	d814447a36e19003ddc3937052643e0c36cf7935fbd7c2a981e34e92e8c27ce6
Information_004	data/images/pair69_view1.jpg	93164	Image	e742e9e06b7ee9cfb863eedfec8925b04bfd708a1e5ce5a037250f296b9d45dd
Information_004	data/images/pair6_view0.jpg	48362	Image	f747f30208e4bec48b6d9113e9c61394194656169b1a6f3cef5fcf1c4ffbba23
Information_004	data/images/pair6_view1.jpg	48427	Image	f2f33cbbae341863588ee6df8afa179a2e4f992cac5e19d047b90823ba47f9b6
Information_004	data/images/pair70_view0.jpg	49563	Image	22235d0dc38e06e8eae7d1d95329a3df39df934c6cc38fb1298d91dca8ea2922
Information_004	data/images/pair70_view1.jpg	49317	Image	328b2ee363cea0febee4c2258905afe2276a8d0c35855c05dc79d18184553817
Information_004	data/images/pair71_view0.jpg	84125	Image	edd8f0f131b6495e0db55e1604ff98cec3fad0cdd6e872638a99addaf7a61b00
Information_004	data/images/pair71_view1.jpg	84018	Image	0a5c5f0f29b44a98a5c63e258b3a7c607fbb2bb698eada77bde65fa0f8d255b9
Information_004	data/images/pair72_view0.jpg	56001	Image	c92533c4522ea59f621e1f75bf60a8178cb0af5f37579f4b6fc91a6508325c01
Information_004	data/images/pair72_view1.jpg	55973	Image	5e31ff52ee9cfed68cdb0c1ef1899f8f4fcd4e2dfc152de6ea8f25f0018539fe
Information_004	data/images/pair73_view0.jpg	132585	Image	46beaec41dc79f641e8bca7c368396447a533bce16cb3d07f47628b2f33d5c08
Information_004	data/images/pair73_view1.jpg	137608	Image	818f620c4719545ab35f0a623e9fd61eb75ab0a983fdb6f1da595b2ec9d1ba0d
Information_004	data/images/pair74_view0.jpg	54536	Image	a0d6a06dec997d9907c01f42a1d3ecff0480fa5bdeff99400806cf70176d795d
Information_004	data/images/pair74_view1.jpg	54167	Image	77d0f0a730bc1e64d6cdbf9ce6b115e68975fbd3050197644a9909bbc9fc7c56
Information_004	data/images/pair75_view0.jpg	52103	Image	a3c481a15dd0a113071e717a87d269a19b930d3b86ee879ce81fd33e2a18ff57
Information_004	data/images/pair75_view1.jpg	51964	Image	2f09f6923a2122ee2514848f26cf5df13bdf470f886293e6185975358a55fc5a
Information_004	data/images/pair76_view0.jpg	63014	Image	2609c528bf7e16fd76439ae8361773c38eabb92ceecba98d21d1cea8e16b0db7
Information_004	data/images/pair76_view1.jpg	63619	Image	de04c4a26712af846a9b71d7e34da6007d9f670a7fc0567eaec1076d9a7515ca
Information_004	data/images/pair77_view0.jpg	105656	Image	df3fcf10652a994c78b3c1a355e2bcbb4f81083741b4211713524167a85e5d81
Information_004	data/images/pair77_view1.jpg	104824	Image	37912c3819e3793b6a21408be5e45c98a6651b28f269bc315a36400075da7b5c
Information_004	data/images/pair78_view0.jpg	60446	Image	5fe91eba678489ba030335f20af68ac6c1e32752c84e5eebed33443b865fe5c0
Information_004	data/images/pair78_view1.jpg	60245	Image	eaef5040c58f39f5f55ddac515b8c2e5eb342c557fa737f995c15439691540a9
Information_004	data/images/pair79_view0.jpg	104876	Image	71acbd58957cf08f3d1534effbc050b4bc74ccaec77a6b079e7a387ce7a73955
Information_004	data/images/pair79_view1.jpg	104635	Image	019b7a0c4150b43f8b2c5211fd1cc31fedea845b6446798f1d57062aaeae1e4d
Information_004	data/images/pair7_view0.jpg	49699	Image	35aa83bc47362d9dd848f86b314125349c5667ad8aca8649a050615179abb7ca
Information_004	data/images/pair7_view1.jpg	49714	Image	403b01b149e538bd8a88b81c52a4e72b1e0646410e14b681bcbbc8fb456cce4f
Information_004	data/images/pair80_view0.jpg	62303	Image	e59188bdd7fbe9c1e31bb59209a8d86fbe9727b3f821f964d2d2f93496eac100
Information_004	data/images/pair80_view1.jpg	61921	Image	2e5f8fc4709c8c5da38ac14274651bfc00bce2e101470d0a390e98bf0b6208b8
Information_004	data/images/pair81_view0.jpg	62669	Image	353e70a476e140d42a6ec918ee434869cbc4bb5c90ce9dc151155bea34421a83
Information_004	data/images/pair81_view1.jpg	62912	Image	dc7e006898474b450cc20b615a4bff4bcab48d28ce633292b503dc5da6107938
Information_004	data/images/pair82_view0.jpg	55262	Image	30dd9f4ccf6dcd121fc1a69fdd2f4aea929f736c78aa27d4c2a6d2655a8825bd
Information_004	data/images/pair82_view1.jpg	55347	Image	d74c357235fd892cbc82332da2a65a471207c3f4d3a632122a13f2c765a415ff
Information_004	data/images/pair83_view0.jpg	74194	Image	efedb79a45f00c9feabd32a1292be70e4f8e6602d6314c9003f5607cfd26ac93
Information_004	data/images/pair83_view1.jpg	73775	Image	bbe65b11b6f0c2c583bb20986f3e415cd6476af28c78907725029fcb00698315
Information_004	data/images/pair84_view0.jpg	130493	Image	a0ad6b47977f3ca14e099af89b846a494315745e7259ed538d4973a071860aa5
Information_004	data/images/pair84_view1.jpg	134301	Image	9fe75bd017bf2fe4b6a94dc92f1842c84ecf8989105c77b8e7dae089779cb348
Information_004	data/images/pair85_view0.jpg	56901	Image	1a9d4de3d7ed45912d6e41a0baa651b446608ad3ab7facdb5f3a521e805baf18
Information_004	data/images/pair85_view1.jpg	57034	Image	5b9bab6271cf14d5c8645b22a62bacd4d46b43460ee9ffe4c79d973ab8cb2183
Information_004	data/images/pair86_view0.jpg	49941	Image	0e93e7cf2fcc59c738f18f2123904b0bfb922c0c5d184cc1c4a2d67b5b49b7ea
Information_004	data/images/pair86_view1.jpg	49849	Image	0e7ab13955b8a79b68c34bca734b57a7d0c724a9f84929b63ee3e6f629d3f32b
Information_004	data/images/pair87_view0.jpg	80010	Image	383a10089df937113a69a3dc95623b3a1fdc296edbc269bfc41dc34eab9df78e
Information_004	data/images/pair87_view1.jpg	80002	Image	e37c2da2ecf7ce5485064a6d0bf47c54c394ae4d3726568f19dd321482429895
Information_004	data/images/pair88_view0.jpg	48473	Image	ac5430799cd0340dcd60cb2bac32ec3837b6bfa335c5deb852c62a1134263515
Information_004	data/images/pair88_view1.jpg	48196	Image	6fb9c7a0475d1bbeac4167a58d7bed338d1052dac3837cbe875773ada0718d72
Information_004	data/images/pair89_view0.jpg	57020	Image	2012b45e2a3489b0ce009a0fcfc2074e2e6c472061eb979467caaaa327d499de
Information_004	data/images/pair89_view1.jpg	56556	Image	0220595783dfec2adcc21a2a29613bea79227612f83e2975dd2aa0828335e77d
Information_004	data/images/pair8_view0.jpg	49205	Image	145dd6e5d30d20772e1e248d50241aad48fb3f4468ec88320b64efafb14f42a3
Information_004	data/images/pair8_view1.jpg	49266	Image	37ff3c3c3896d0dda7643aa3e1a03020e306a57cc32b9d0cc3ff646cb2b0055b
Information_004	data/images/pair90_view0.jpg	100816	Image	eabc2d3951f9c39367f4afecc49be222db307753ba36707fb69ba900c9956129
Information_004	data/images/pair90_view1.jpg	100959	Image	d58259ce9646b3785dd757b2c20a4c8088ae33a7a60eb2fc6125a817b23da4c2
Information_004	data/images/pair91_view0.jpg	124930	Image	1b93740bf9467098f7e9902e6c1ff0321a6b3bd0022c857430fb81baf754aebe
Information_004	data/images/pair91_view1.jpg	129187	Image	04068731c18eca53c08ce2fe4bbe0e541cd38f2f8e3146fd011511669fec9638
Information_004	data/images/pair92_view0.jpg	59311	Image	2878fec73adca72b8e41d2c06b6ea01ff705657fcd6795653a980e0ccfee23b1
Information_004	data/images/pair92_view1.jpg	59126	Image	00d3dd8883778d331da2a1127003d368a1572515579d135619cc19b0a1587b62
Information_004	data/images/pair93_view0.jpg	139156	Image	dc5c98fb8d3255cd613b0dacc66226a226e6dc95725fde4680a18e67090c0eca
Information_004	data/images/pair93_view1.jpg	139712	Image	6e81336db7019a61c3c2a6f0959af908480a1ac92c74ff062311dca51399b2af
Information_004	data/images/pair94_view0.jpg	87373	Image	465a8dcb61221acbd451a235f2737b7c3e318e850ea93e3c0317601501fbc90e
Information_004	data/images/pair94_view1.jpg	87033	Image	a31b7d653a74596c6152e184d2c022248df667dd0880ca8be3027342acce8fa1
Information_004	data/images/pair95_view0.jpg	50775	Image	dba5bc057b5314870439a5f26b3696402dfb89417bc205f06fb7d88d0b93b560
Information_004	data/images/pair95_view1.jpg	50658	Image	cc801f7aeefac02da9d7c3feb421ee40f8aa3b1a4735ff2ace5cec1eff24950e
Information_004	data/images/pair96_view0.jpg	59058	Image	ce42c5733db66a909e8f08e05a1e34c6a99d2042d5411d3986c888cba6dc4e78
Information_004	data/images/pair96_view1.jpg	59674	Image	957bc866b5ead6eead2bab880cdb68f068c5b59018491db245284dbd558f4781
Information_004	data/images/pair97_view0.jpg	60594	Image	b22ef72c2048182338835f02c8cced18ee0be42e706fd0737e0c8637371fa0ef
Information_004	data/images/pair97_view1.jpg	60224	Image	47951d275db4ff96ec87c2ee58c79be044a8b5a2277c17403d6e406e42be8423
Information_004	data/images/pair98_view0.jpg	137519	Image	ec5aacdab518763962ba589e30fb056e0e06cfca3ac68de8311275601d2ad054
Information_004	data/images/pair98_view1.jpg	138310	Image	5d9031f89b5986bfe83285c4bd4148b73067d70942c0cf2517f5c76127383919
Information_004	data/images/pair99_view0.jpg	68436	Image	b4ad562c5899e3a5d4bec0e0a6ed94f1d9a9abb0373bb14f651ae849e2c00740
Information_004	data/images/pair99_view1.jpg	68370	Image	458b0083b2e005c4c4223c3be57141c516390dbb943bb34e463a7fe0fedc2da4
Information_004	data/images/pair9_view0.jpg	47463	Image	c152a9c91ec87530f2617df25dbb3fb28cb5f4c2e3aeaf48a409ad98f7412a33
Information_004	data/images/pair9_view1.jpg	47311	Image	aff0174f2b185c40334b3b1ff95f57d902c391368c9b526c30f2104670c380e1
Information_004	data/rt_matrices.json	103792	JSON	bfc68690bfba7f1aa49b4af12dc9e1f45eaa1d993f1a41985ea7e1e6a7061103
Information_004	related_work/paper_000.pdf	16824283	PDF	b376727f37e18d181c3257bb1d943f905a27dab28dec484eaa6d8377660ec8f6
Information_004	related_work/paper_001.pdf	78340047	PDF	160956e4c9fb12ff9ab9df022f0a7d5aa6a696c4383e90e50f8a8e6a2d1b8d1a
Information_004	related_work/paper_002.pdf	902636	PDF	602dcb1d978aa8205ea3681eb15fa4c06ddc6dbe9d99dc1ad0f76caf7068b9cf
Information_004	related_work/paper_003.pdf	16374537	PDF	37ce2a66f0cc33a2f73f246d3ae3a738820f2eb0f69abfaa22fb2a2d7cec8603
Information_004	target_study/checklist.json	2994	JSON	378622d01f60d61cce2293334661bb18244bf953c743015845e1c7cc8597b4c5
Information_004	target_study/images/08ec88e04117cdffe342a4c6a36993222bc99d86f7c36b458a966b4e44ec594b.jpg	179291	Image	717584e35151de9393af5a3e748f130396b3498c6c6f00c80c8e053c8d9c91eb
Information_004	target_study/paper.pdf	37074093	PDF	29a95458619404d9106c7e7e416f57b4681aa73b3998893da29d9f4bbc78cca1
Information_004	task_info.json	5221	JSON	ed821c8eaddc0dd3404e4dcc9aca0833e6c9aeb6c5e4f5f9e910d1f87d8e289c
Information_005	data/heterophily_benchmarks/amazon_ratings.npz	27744018	NumPy	4c3a3e3b9d9f6cba0fede4625a00aad8c5721c1a36ed771367f446763241c7dd
Information_005	data/heterophily_benchmarks/chameleon_filtered.npz	58924	NumPy	bf46f07e1fb5249280447e5fe3100f3e82fc4b93ad1e13ffcfdec924b6ac0bb5
Information_005	data/heterophily_benchmarks/minesweeper.npz	135045	NumPy	e664c8dacf1e8ac466c2c09ed4b237bd2c5541f47a6eae9c6092cb87f16412b3
Information_005	data/heterophily_benchmarks/questions.npz	47369919	NumPy	757ebd772bab1475c4dd951ca9e364400c6db161656cff9d21780ee874cf3074
Information_005	data/heterophily_benchmarks/roman_empire.npz	20401489	NumPy	a58ba741d123bf892fe5c872138d07463d75a2e9012360b8dd78ac2d4766d428
Information_005	data/heterophily_benchmarks/squirrel_filtered.npz	208215	NumPy	f06370ffb3116c5de8b7a600005400b2293c025e0ce2f6916d8201a825505ac7
Information_005	data/heterophily_benchmarks/tolokers.npz	1329769	NumPy	dacf3ac94cec53d03cd2adb5255c08b33dee1656c33ca8164a464bd9450a1667
Information_005	related_work/paper_000.pdf	683926	PDF	94909bbb4855a00a44c972e404eb50361ae044d491ecf0a4caf054c055ccd2c4
Information_005	related_work/paper_001.pdf	2719995	PDF	6211c7fc22d2c59e7bbc27b667d0173c0aa665b42c2700896d8268e55c78b196
Information_005	related_work/paper_002.pdf	2742094	PDF	ce84494f19fd6d74d1c2d19a9c4b5acfa5542a297cbcdd3755e5270bfcd2a942
Information_005	related_work/paper_003.pdf	836855	PDF	ff7e7fe4cc8a12d935c8181c86012a2129cf837c64a0e93ce3807d1a90518974
Information_005	target_study/checklist.json	2716	JSON	ab555749390049883c774a09f3cac698e3d0ce86850c8a8971f18d64052ad197
Information_005	target_study/images/figure1.png	114821	Image	b535a3d94d8dd77cd49efc1affc4a94d12c29ddaca54edca94b28c389340c993
Information_005	target_study/images/figure2.png	180035	Image	0233670cbaed3c058e631f43ef7d4ece03e463b58944533043f03f5b878ba747
Information_005	target_study/images/figure3.png	267488	Image	00ef2b3ceb4d1cec0ca25fd0a8753ce0eef6cea67aeb5eab1a5bcb554f169856
Information_005	target_study/paper.pdf	400682	PDF	a2fb38a9bfebacf4c340c48e97a8017cc6b5c559c7efa292ac3dc59c514932d1
Information_005	task_info.json	990	JSON	5aad790d90ed4e285fad1b2003160c31b22865c04c727e81d345aa85dc66ef0c
Information_006	data/citeseer_planetoid_raw/ind.citeseer.allx	595021	ALLX	2ac30345d95c9ec933a817ee0bdd6a5f077f8c184a20e696910192d534414668
Information_006	data/citeseer_planetoid_raw/ind.citeseer.ally	55623	ALLY	f704b2d986dde6c2669934de1f3ae5696a6cf9455c0f6b2646a2d135ea0a1c95
Information_006	data/citeseer_planetoid_raw/ind.citeseer.graph	61987	GRAPH	d79a4ef9d3e7169aee8946145f6b7306e35bc79bffad26346cfb94e10e9912a7
Information_006	data/citeseer_planetoid_raw/ind.citeseer.test.index	5000	Text	2af990671580b6b2df5d158d1038f8292e30c9cd821b5453f399659b25b723d4
Information_006	data/citeseer_planetoid_raw/ind.citeseer.tx	260321	TX	539a8906a2da97628d212f2fdd668c109a8b3f0d36574b59e5d3fd5b5303da21
Information_006	data/citeseer_planetoid_raw/ind.citeseer.ty	24135	TY	55e5bd1ba1e733a04598753ad1a8d57957f4b8f89e74519f41f4f4938767e4ce
Information_006	data/citeseer_planetoid_raw/ind.citeseer.x	31087	X	d20de19150741e555de0ed037195630fc194114ebc7fd72ced62810148aa22f6
Information_006	data/citeseer_planetoid_raw/ind.citeseer.y	3014	Y	8ba87e515d8e3ee3cf52f6d2c5b86aa73f11ecad825a808455209ec26cd54924
Information_006	data/cora_planetoid_raw/ind.cora.allx	257305	ALLX	9419ba2f26f5c35243db64aba110e0f35a04851609e0dc5433450676ca6b8543
Information_006	data/cora_planetoid_raw/ind.cora.ally	47959	ALLY	2b998f5cc7fedc86e7f97ca2498f47a1ffc1462c29e2d578b23bf3f62b6e7d71
Information_006	data/cora_planetoid_raw/ind.cora.graph	59847	GRAPH	58f13302f39dde8852dad6fe6d15b89b077b6d7f837626bce671ef80344b383d
Information_006	data/cora_planetoid_raw/ind.cora.test.index	5000	Text	297ce89af2b51a6a194181c7dbe1796c6a1cf9cd9349a88383b1b1e227867875
Information_006	data/cora_planetoid_raw/ind.cora.tx	148025	TX	b9afbaa4a400df991f6f02ef677e1e44da55ffc04801fd02f9e673987829226a
Information_006	data/cora_planetoid_raw/ind.cora.ty	28135	TY	41f5ac76596a1699cc33f53084a2419e92961c42bb75f36fc38e616d348532ad
Information_006	data/cora_planetoid_raw/ind.cora.x	22119	X	23cfa55d91c6f624233f5eb7b6e3f141f1bd2b2ae39608a63cf5d084bb27baab
Information_006	data/cora_planetoid_raw/ind.cora.y	4054	Y	94465c14eb53e04ca262198dcbb2521ee8af60fb3f3d546cd6ca24a511b0e7d1
Information_006	data/node_benchmarks/actor.npz	252956	NumPy	c350eef06b2c2a9bf8218be2b57cac6d4003d0922eb597a039e9123f75817816
Information_006	data/node_benchmarks/amazon_ratings.npz	27744018	NumPy	4c3a3e3b9d9f6cba0fede4625a00aad8c5721c1a36ed771367f446763241c7dd
Information_006	data/node_benchmarks/minesweeper.npz	135045	NumPy	e664c8dacf1e8ac466c2c09ed4b237bd2c5541f47a6eae9c6092cb87f16412b3
Information_006	data/node_benchmarks/roman_empire.npz	20401489	NumPy	a58ba741d123bf892fe5c872138d07463d75a2e9012360b8dd78ac2d4766d428
Information_006	data/pubmed_planetoid_raw/ind.pubmed.allx	7578385	ALLX	508e538e2abdccdd54c4d3e9f49d638b4af7107d85845f66ddea5a5152658b7e
Information_006	data/pubmed_planetoid_raw/ind.pubmed.ally	224739	ALLY	0c37bbe3b5014ec365e9d393cf4791925e5ed94fb194305d74f064a8d7b50f0e
Information_006	data/pubmed_planetoid_raw/ind.pubmed.graph	471808	GRAPH	5b89f0036ca22909471f1e6558eb42fa06e0c730a577bde5b058b40638f81dc9
Information_006	data/pubmed_planetoid_raw/ind.pubmed.test.index	6000	Text	b101d421688bbaecbd82e8a18f1e282378d6830f3a37666f28ebc47f844341b5
Information_006	data/pubmed_planetoid_raw/ind.pubmed.tx	405505	TX	4eb5f5d0f30f26497eb0ac6ac9719d09c67e284f1ed0385c93f3ef27a671da3d
Information_006	data/pubmed_planetoid_raw/ind.pubmed.ty	12135	TY	ee2e0d4819d9fbcc403689c3bf2e49face401b605932f093bc58ab6461130fdd
Information_006	data/pubmed_planetoid_raw/ind.pubmed.x	23172	X	fbe9cb5c47200d1b7769a26e579be3b7130b556831f9d850e77c4c74f2599b33
Information_006	data/pubmed_planetoid_raw/ind.pubmed.y	854	Y	e6c807633307a07ed659249006536a147c7999c797f11a2560752990181b41b3
Information_006	related_work/paper_000.pdf	1914199	PDF	b4d4b8f785cf41bb72109bcb176cb7688da8c0a29f4e6f20fef7bdfcb5b66ccd
Information_006	related_work/paper_001.pdf	1224102	PDF	ca04f0fbfc46fda357d902b2d4e29528f5ae8ef339e5d49aca4d3e49a7874d25
Information_006	related_work/paper_002.pdf	4447182	PDF	5cdc7700e180e8153f48327ddd0fdd0497de4baacb92bab44b36b129e2fd7a03
Information_006	related_work/paper_003.pdf	683926	PDF	94909bbb4855a00a44c972e404eb50361ae044d491ecf0a4caf054c055ccd2c4
Information_006	target_study/checklist.json	2777	JSON	3fa1c92aac4b58515e780e2a65f89eb19e9acd7fd013aa6656900509d2f44d93
Information_006	target_study/images/figure1.png	40663	Image	655d61c78c364339a018067e9f881fccc6d0c946dc1927f01e3f97bf86d00e42
Information_006	target_study/images/figure2.png	94680	Image	db23abc78f5b13af75a0bd405948d7e01587aae7b2d9ebaa75d0ca29c0eb92a8
Information_006	target_study/images/figure3.png	50360	Image	fd9e90c439facaf39d597cadac73883413005f4fc025fc65ba060ec5783401bb
Information_006	target_study/paper.pdf	703436	PDF	8ac290044b1fa4a697b150c74d6b7695ad0e66595c629432bbdf377cca6ddf3d
Information_006	task_info.json	1660	JSON	d7dbab8925162450d19745476762b026185542fbc4f8980a043d94fbcda8694b
Information_007	data/AIDS/AIDS_A.txt	796282	Text	9da8e3f787d1dbdc80a35f205707bd0bec0778261fb7e54355c061912f8d8380
Information_007	data/AIDS/AIDS_edge_labels.txt	129560	Text	47e3eac0bf8c6196af7d5532fba3d2c9b29014740d471bd4696149a5ef2bf7d7
Information_007	data/AIDS/AIDS_graph_indicator.txt	140162	Text	8a1ede4f84bcba1f5a7f49fe7e89cdc74466645b62175603710b80300fb68be4
Information_007	data/AIDS/AIDS_graph_labels.txt	4000	Text	da9c413b24b0a808b497a4567f57dce975d0eb9dc69c5db82aec6a172c88e28f
Information_007	data/AIDS/AIDS_label_readme.txt	628	Text	9245ff0e944ff0ecb13cca6dcd274163d7ea529e36ebe49b61529fb85cb1f758
Information_007	data/AIDS/AIDS_node_attributes.txt	1273936	Text	e47595d48fa329d84183fd68f8b4a6b327fd05690e3d335ffcdc6b7c110f081c
Information_007	data/AIDS/AIDS_node_labels.txt	63007	Text	d90cda6258c58f4c3facaa2e6a71e1b589da13f0162af59881400a3c8f0c514a
Information_007	data/COX2/COX2_A.txt	480740	Text	243231bc10b9ce2576f7f2d3d49c74d403912bd32264c85bcfba2edeb531175f
Information_007	data/COX2/COX2_graph_indicator.txt	72510	Text	92f3610a7d32dadd60ac12292e8f047cfa88b2c15b0c20143171185e2d4329f1
Information_007	data/COX2/COX2_graph_labels.txt	1299	Text	106e76e03040eb4024d6cb3ab08af914f92609b0a85a17ddc6cc48ab0e08d7f5
Information_007	data/COX2/COX2_node_attributes.txt	635316	Text	f2dcba7354e0a6f8bb1c8b8e0c46f90258e05b59fc1600bcf2c307351f2e246a
Information_007	data/COX2/COX2_node_labels.txt	39228	Text	2e7081a445a29387e9ba927724f3fe86b0c17d27033bca5e47949754a29d9759
Information_007	data/COX2/README.txt	1865	Text	05d4c1c4810080a07759007e0585f92046c08d35adbe3aa1894bf06890dc0b70
Information_007	data/DD/DD_A.txt	37094024	Text	e538ec13a262b84a0664db2f22e6ff720fb5bb74965536c37f4b8e962d156e4a
Information_007	data/DD/DD_graph_indicator.txt	1319775	Text	95aabe75f6537326a14e4efc0d006854c20769f3cfc4877b862803d21c51aff2
Information_007	data/DD/DD_graph_labels.txt	2356	Text	b9df6495feb673f79dea357cca30e08f8602e52d978c77b53ec2552d1cb2ab4e
Information_007	data/DD/DD_node_labels.txt	853624	Text	b0d10b05702c2d655d691b5a6f5585081993860013eeab801572202df1c5c108
Information_007	data/DD/README.txt	2530	Text	980903d8294920565c89dfd173dadc575cb332964cd3ae09e996518a2bbdfa33
Information_007	data/ENZYMES/ENZYMES_A.txt	885124	Text	5553c84f8f562f3e199dfd27192174f485e85c44c1357661098668937a739cbf
Information_007	data/ENZYMES/ENZYMES_graph_indicator.txt	74914	Text	95ba0fa47eba6f02e6b754a215dc66d5b49de3f45f57a128514301a8d7ed5f46
Information_007	data/ENZYMES/ENZYMES_graph_labels.txt	1200	Text	04743e08967e61e65cdacbb90f8df6ee53742b3d2e7b84675b85ebac70506856
Information_007	data/ENZYMES/ENZYMES_node_attributes.txt	3876850	Text	305a8fc3b12f79fb844ef3374d6a3c8ceeb4887dd4f86bbfe37932c4c5434e7b
Information_007	data/ENZYMES/ENZYMES_node_labels.txt	39160	Text	8263eb9b64efa231a5886343483ccfc0342f2407014763a8f738fd51c32ce770
Information_007	data/ENZYMES/README.txt	2568	Text	32d5fef501200221a2c0e1af3366797fa443ab8f490231c5fb4a8719e1df48cf
Information_007	data/ER_MD/ER_MD_A.txt	2254356	Text	e93d2a0fc3b1f5fe4a18e1a3a39345cddbf0b8e5b19af3a1c2b619d5f5e4cabd
Information_007	data/ER_MD/ER_MD_edge_attributes.txt	3828872	Text	dcf646adfa35d75b2b8fcf99fc0439ce57c93de074de6f9ff585c9c2564d242b
Information_007	data/ER_MD/ER_MD_edge_labels.txt	418964	Text	d2508289499d697b8022f7d9f0aa602ecdf78d412ee634f191b87603a3ec1a52
Information_007	data/ER_MD/ER_MD_graph_indicator.txt	35892	Text	2193c8d5e6ce3a7b6e9b03f59bb5944a67993c0db96d42c0fe928d11b89ae3a1
Information_007	data/ER_MD/ER_MD_graph_labels.txt	1338	Text	03d3bb619f7b6e51159087f7a3b4c1b56c6475ba9d961af56b022eb7bb9a9970
Information_007	data/ER_MD/ER_MD_node_labels.txt	19024	Text	8cf816cf83ee022c0b4a24166411807859020d6cda0f8e80659049deb7ef17e8
Information_007	data/ER_MD/README.txt	2881	Text	8cca5516c9d7c0196718f2fa3bf4a0175086d59ccdd9d08b41a4358bafcae99b
Information_007	data/IMDB-BINARY/IMDB-BINARY_A.txt	4596012	Text	23c8964bab82f81469271186d721131714a265d0ca8c44ae048118da1d0c4092
Information_007	data/IMDB-BINARY/IMDB-BINARY_graph_indicator.txt	76924	Text	415cc3ba25b8c647dcf34d3de034f675ee070616f3b803be939cb26773489f26
Information_007	data/IMDB-BINARY/IMDB-BINARY_graph_labels.txt	2000	Text	63a44411fd6342b9c4429828c16e144a2a11ef5244e25bb60f0ffa8b3ee2ffce
Information_007	data/MUTAG/MUTAG_A.txt	76940	Text	d9656ca7493f3445d737c711710bb36fd432dddd1c0ea32e1d4713c86ebd28e2
Information_007	data/MUTAG/MUTAG_edge_labels.txt	14884	Text	4669ce755075ff86c3240709345745886400908fa637a49310459b9c267b3e56
Information_007	data/MUTAG/MUTAG_graph_indicator.txt	11532	Text	7d520a4d6c7961c0cdeabe076d8fe27e795b6d373485c9a2b744987e560a2056
Information_007	data/MUTAG/MUTAG_graph_labels.txt	439	Text	a1518ea39ba3426bd42f57396b9c4baffe68e9adc718caeeab0119c6591a5f2c
Information_007	data/MUTAG/MUTAG_node_labels.txt	6742	Text	678f429965490e84dd27713017538c995fc05d1621beac910848b600015ee863
Information_007	data/MUTAG/README.txt	2611	Text	66de65e4826e112482ec680bbbdf7c0af56d826ce935c110786d130b79b76b06
Information_007	data/PROTEINS/PROTEINS_A.txt	2022990	Text	4c4b33e272fc95cac6d27ed6d5d12b9a852c8610e91fff59f8f0dbdd5a20df67
Information_007	data/PROTEINS/PROTEINS_graph_indicator.txt	169673	Text	8d4ff1e852a5c28561e9bffb44cf9490bc552b13a3b6156dd12dc7f44e9afc4a
Information_007	data/PROTEINS/PROTEINS_graph_labels.txt	2226	Text	c0ef9810c440775252872318d0c8adc385588e14bc4c47a2c34aa96ee3c7cdcd
Information_007	data/PROTEINS/PROTEINS_node_attributes.txt	478190	Text	54eef829abb37e458a5fbf3a3c581e48e5810e220463c2cd951856b9ceb08f07
Information_007	data/PROTEINS/PROTEINS_node_labels.txt	86942	Text	f758e8ad3d6e3c026b50833d75f6f90735b94eb3345e4243707f495ca8afea8d
Information_007	data/PROTEINS/README.txt	2221	Text	e9c4ed2c9a4059ddfdc2eb7330ebecfc6c8d42dabd5ce2ee67f28aed0db49da7
Information_007	related_work/paper_000.pdf	4006018	PDF	ae1c3e729089da919ea28ac7f499871de40c01a869589acbc35e7ecceefff948
Information_007	related_work/paper_001.pdf	528533	PDF	e17fb349dcbb10be1a07b0c2b87fcad06d3f511ef50efbc91325454c432de0d0
Information_007	related_work/paper_002.pdf	3404579	PDF	71918a29a42f5dbaeb485135fc7e19ce2aa3497cb3fb8a1ae4fcf433938f4784
Information_007	related_work/paper_003.pdf	356244	PDF	54bdb94ff15320cba79be6b300eda025b6428a90fd8763774429af5d721beec9
Information_007	target_study/checklist.json	2669	JSON	918d6dac094b610cb82baece1768109c09909eccca4c31118d1bc507e39efe6d
Information_007	target_study/images/figure1.png	223036	Image	d243b510b5e37c9b540814881096197035a94510b9cc8537437ba00c388998dd
Information_007	target_study/images/figure2.png	311217	Image	40fca01d9bdc8ffbbf7f682208bd834fd3a80d8e989134e528d3faecf49c6915
Information_007	target_study/images/figure3.png	133428	Image	058445fffc4e411b47b4123b31503ac44e7446eaee4c3d86838c253d9757cf2a
Information_007	target_study/paper.pdf	5024024	PDF	720331939fa13465e22d2bb8b31cf50a8d3c6d14c929a59697936cb227db7ccc
Information_007	task_info.json	2002	JSON	625ced5c41e3c2d0c7089a0e3409d9f1adfeb2218f660362ff1f8bff0315a97c
Life_004	data/combined_sequences.fasta	12615632	Text	2f13e9fed515d8f273e2346dbc07eaad95536559c0c42c8acfeb7b45e1dcaead
Life_004	data/metadata_result.csv	26356	CSV	9130bdc927beb33e809236980d3d6c44642d83c924af881e769c917da5d2571e
Life_004	related_work/paper_000.pdf	13818427	PDF	7d44a5825b3cb7e0c94567bff5c81c66332107860243203ce1272774b61d40b0
Life_004	related_work/paper_001.pdf	4163004	PDF	9c40bfe3df08cfe40d57221d6235eb7275645b82cb932b7b908d9e0b80ae0ae3
Life_004	related_work/paper_002.pdf	2703395	PDF	e7d3c510af96591424d74c140926a2f9128424f33340ce709cbcce4820f36586
Life_004	target_study/checklist.json	2930	JSON	4b0f96a58f719b2fefcaa938a5b0ba6204721f815b031b443166a1b8558304f7
Life_004	target_study/images/18f9f15e0ea91533ba8f5b29400c34627f5dd7e4cb028040b159545b283aa243.jpg	235675	Image	aa50ef5f3a079758f43ae186b7c0d7881c121c492a656c0e9c0f7c89c7842029
Life_004	target_study/images/d9e1b47a4fb3b38be0d6526f3d7df3988b6140b74124f89c2769e5e1d0f39665.jpg	197877	Image	24b85edb505d5b065ba0587a82280fdf95ef60ecbd8d68361bcb73d6c25adf81
Life_004	target_study/paper.pdf	15476825	PDF	5c4ac7cb4505f6a5607d6889601ef878e0950fdf442ab6b33e477e73ae98b3f7
Life_004	task_info.json	2376	JSON	cc5ff07d5eda6c2208bf5f28bb02068659e5b95edc66392ec069c9ed5eb4dd87
Life_005	data/fig11_cag20.csv	194	CSV	483fc2b2d2f4a80ce55bb2162338d4474c8d6d8f44ba888b6ecec3c9c438681b
Life_005	data/fig11_mix.csv	194	CSV	c655119b7b7119bb93d66818954a6b63ece65a681f138d9248021f873d51e270
Life_005	data/fig12_external.csv	112	CSV	eb9f56fd2a55c4297ea00785fffbe7fbe66f9fcd4bf39b573ecbeb46ab840672
Life_005	data/fig12_internal.csv	112	CSV	cce8c990af03cd9c6e157518149815f181dde2f7ad7e28845ac1e5fea3012198
Life_005	data/fig13_external_hetero_m3.csv	499	CSV	08136aa9c4babb8726ccf28bdfd01c5f7098da3b25eef970204adcc2719ab363
Life_005	data/fig13_external_homo_m3.csv	499	CSV	b9137637314d0c5e4a7ce6623f6cd400d1ab31bb8f2221fd2f5e000c1d8c1e59
Life_005	data/fig13_internal_m3.csv	499	CSV	efd3c0663784ec03dea959ecf291a9ede73237e737b80d5b038538e78c10e0a2
Life_005	related_work/paper_000.pdf	4142568	PDF	5baade2081b552b1cc7c045fca7e023f1532706d0fc8313c89763b30453eec07
Life_005	related_work/paper_001.pdf	5324664	PDF	4b5bbd4f4658ee21899d2feba86186d70b16ea17f57fef19c693c92a5fe082da
Life_005	related_work/paper_002.pdf	482568	PDF	e741ec46f1ae15d85fcecbd67febb27cfcb01170c0aeadc0eff6e62dcfbea41e
Life_005	related_work/paper_003.pdf	370970	PDF	619bee5789902248ee6e2a7f6a285a7c5ac099b51f8396a6022b5bf7c0faa41e
Life_005	target_study/checklist.json	2445	JSON	e9f22922a421c731fa8edd4e6989b48ddbb6087a80715f0fd06d1f9b297722d0
Life_005	target_study/images/fig11_reproduction.png	101358	Image	792332c8b9acb93568d17026acdc34c15e80d43058898b1ca5c7073497206d0d
Life_005	target_study/images/fig12_reproduction.png	50175	Image	e4508655b83ce7d92d83862efd4870090c3a55ef36b3a9e36b0be01ecfa3b4b2
Life_005	target_study/images/fig13_reproduction.png	51386	Image	fe6cbd76cc4b2ea6d9f0d04e4f9613a9016637b92bb4d543620965830b5842d0
Life_005	target_study/paper.pdf	1535206	PDF	64af2c7ffe4c4ab912c9a9dfb50dc0d14af0e2fc0f5d19a0301a08612d48ecce
Life_005	task_info.json	3305	JSON	0fde622ec1e7987b0350882ae01880adad987ba210ae35ca7327801e0a07ebb4
Life_006	data/Nanopolish_IVT_processed_perpos_median.tsv	131775	Text	fc6b4b03029458ef40839bb505c6d3d1eeb4af8d291d4c85dbb4c20db5b95f50
Life_006	data/Nanopolish_WT_processed_perpos_median.tsv	131718	Text	4a4a38de45251af2158b60eef440fd228a38694a7dc1b05ed350ffe18f3845a1
Life_006	data/Reference.fa	4653	Text	05f138c9c0b46fc7b8ab276667af3d6c86b2b18f2e77c992affc8d3cb33ae3e6
Life_006	data/WT_IVT_nanocompore_results.tsv	1690785	Text	82ad5e3496a757db007edeb065d3e3d53e84fba37d93b0653abc8ffa2ce4778f
Life_006	data/WT_IVT_plus_Tombo_Output.tsv	247969	Text	a8016364ba681dbfb29dfeb0d0a23bfb25cda9c814f4e518463f622120975662
Life_006	data/epinano_IVT.tsv.per.site.var.csv	479954	CSV	4fbc2e565681f01f43591ecab2bbcb9ab95afbe5e3c9f1bd24ae33910df35185
Life_006	data/epinano_WT.tsv.per.site.var.csv	479951	CSV	0b9d96cd967f1c19da645a36614be532703a13729e95ba3cf58a5a139ba732ce
Life_006	related_work/paper_000.pdf	824079	PDF	366deaf261176a3269ca8767f4c5c55c2f6330c64bb32add62584ae13013d2ca
Life_006	related_work/paper_001.pdf	505381	PDF	47ccd23bbb3a07de9f6631e06a3ca4cd289d0176d3cfe4e26628de3c38e2764a
Life_006	related_work/paper_002.pdf	996403	PDF	8b92bcfaaa2b1e043af1c98fdd7e616cad2c2122b545e4ed58a88c6e346bc17f
Life_006	related_work/paper_003.pdf	1542593	PDF	a005c8d52ffa7a0f9fb15901ef3bb5b4c909726c889309d05bfbb69b7f162ef9
Life_006	target_study/checklist.json	4932	JSON	65402f2f07e3e688e55097b02ededabbe4179ed1824563b62b6a95005d19a84a
Life_006	target_study/images/figure2.png	384525	Image	bfd6f927fe2b24709a1c17dd5f3298832f9f3af960e45c7ab3f292e7ab866d12
Life_006	target_study/images/figure3.png	740049	Image	a12a34dcce6e81afcff9f0d8e6c91f73205dac8407c4a8c0051ac98983b0b946
Life_006	target_study/paper.pdf	6925699	PDF	40a93f4f99193dd4c8df52cb33af8b0186341cb07a2e655dc4321e97cfb14b53
Life_006	task_info.json	2641	JSON	67206eb38f92ef7dc3243f5f86f07701c5511826a1b12b0a7bd191445a969c0c
Life_007	data/md_entropy.csv	4434	CSV	585b486de7d16ee91e91b83e31848ad43fd963a0a377eb4f459329a94d0c1499
Life_007	data/selex_counts.csv	405	CSV	e126f09d3d15f9fdd91dd0215e826d03e0ebd66290d761ee3d8a9220c7a530bb
Life_007	data/structure_features.csv	146	CSV	a319348186f93064ea4a9c725792e6db1ac72e5bb5ae3fccd0976af3adb479ce
Life_007	data/temperature_selex.csv	417	CSV	a34d23a453f3721027c61147fe4040122a88d137fe1f6571797c86ce1cbbca31
Life_007	related_work/paper_000.pdf	1737913	PDF	a8b8e9ee759a0ad16c0a1b24cee37dff2abda94091bedfeae4dfc8238906f079
Life_007	related_work/paper_001.pdf	17710797	PDF	8c37b3418ab7a709a1de2ba3cebe158c00a5977b5af6ececf3383e2e27463c20
Life_007	related_work/paper_002.pdf	1698216	PDF	90c2e9350c9f17b8251cb95dc06cd5204c1b722c385e25b0f5aebb3509ab7338
Life_007	related_work/paper_003.pdf	958661	PDF	016244ea1fe6dc1ebf9546b8b714c9d8ed575f8746c6d253c4b71d93052a9e06
Life_007	target_study/checklist.json	2776	JSON	a0868a11a732cb0491bb112cc6739f4fb28a3875cfd449ec7249d7fb3f95a670
Life_007	target_study/images/fig3_combined.png	278370	Image	f6d6e61ae6dc61381ccf8dc7fc640882909883caf5edda9a289bd5412d2820c9
Life_007	target_study/images/fig4_combined.png	291351	Image	85334b8771ea6d08d4f4d30d6b657b7e60330b1002c243fafc8e874df58581da
Life_007	target_study/images/fig5_combined.png	743316	Image	8c9f1a38bad3ef5dbf04e1601f5a0cf32aac9edd678537eeea64c9431f3c96b6
Life_007	target_study/paper.pdf	15452620	PDF	6fdf1c6d1e396c25bd35815dddafd076c8e2c42b2523678e18ba2435cdcd7739
Life_007	task_info.json	1735	JSON	c0e7f952a81b71845d13a2b60a7700b789017664f85c117ad19ea77132e8f289
Material_004	data/La2(WO4)3.csv	217532	CSV	550e698528e7b14afe27e2bede83d00c0369756b02f183c81501fc555b9cb613
Material_004	data/Nd2(WO4)3.csv	215594	CSV	93b7025ff48a66217fa75e227e79cd02f9d6c3d5edf87152c94c18e4b31e3d4e
Material_004	data/Pr2(WO4)3.csv	223205	CSV	afac905664217bee4b734a534652487a3c0dd54b76cc432382f37d2d7347692d
Material_004	data/Sm2(WO4)3.csv	216832	CSV	3d661573658de0e13161aa1819eb0a384eb2c6cbabc0724ad51948a2f157f14f
Material_004	related_work/paper_000.pdf	665241	PDF	e99cc51068bd103a472ae41ef6610f8c96f0643d55a4e84b9fe72d3e619c421c
Material_004	related_work/paper_001.pdf	1100527	PDF	3819bd7b754b0eac48862bfe4c8c7747d95580a0337d4c371ee1e45092d41403
Material_004	related_work/paper_002.pdf	455154	PDF	8b823f237ff9897a33a4445b4f7ff895b8b9095678342bf52d12ba926435f46c
Material_004	related_work/paper_003.pdf	1204310	PDF	0480ac20881f9b6d80aa8e0c7e616dc2eb9304d59d521f1448ed9feba0598a9e
Material_004	target_study/checklist.json	2399	JSON	4aa294db423627ba07a819dc3ba2d11d42392beab503500b95652f5d95988f0e
Material_004	target_study/images/11459e69ef9a63a869f63a002422abfc21311892bc2ec1114022fc08f480f306.jpg	54254	Image	8ae034ffd7a7609f009ac0cb33b2c86423012f2505ae6a91d5274a1e9a2c428e
Material_004	target_study/images/ba1822a14fb79fd1c9fd0eb360de2af191df41cc9f2a7a6a4b5e8809b29bff32.jpg	95165	Image	5a801b774bacada9d42a1861af431b8bd488894b23fed590f1d4b2599d897cb1
Material_004	target_study/images/d768ca643230c75cb76bf37b375c4ff2d7acefeefabc2f085e87334121ef0b87.jpg	65535	Image	8b556019670e1af80124658c7e32eac94d9c2b617bff96df4ae616b17efb807b
Material_004	target_study/paper.pdf	6739075	PDF	5e75eaf5e89ff6b512d5e5b311acca1e2225f9a7d65f5d134390c7c32a8f2473
Material_004	task_info.json	5946	JSON	8cb611a494a921b8865b9734743da462f162d52d0f033872d1cf682f64dc4f38
Math_004	data/CIFAR10_n1000_80miss.mat	52898406	MAT	5955fc8bd55fbd66c83d8806db8635d9d30da39d5dc2b9e37eb452aeace10e71
Math_004	related_work/paper_000.pdf	4267550	PDF	52aa52e0fc8c46862c59ac8eff979e384a67f7db23c12d6a371ee28c155aeba9
Math_004	related_work/paper_001.pdf	460097	PDF	fa740c2481f274c13c23268a0a34e8b26ecc6b99edeb23fb9fbf7b5cfea84b56
Math_004	related_work/paper_002.pdf	1715595	PDF	f6cba484b327d251db0604298d4066a7d2dd3f65358c4040ba9c541eba66bd27
Math_004	related_work/paper_003.pdf	1847927	PDF	76f9093fb228a631abafb82832b585fc712279321cc5a7e616e3d1c946a6b7b8
Math_004	target_study/checklist.json	3158	JSON	5ac9ebd5249172606c26335c475f375ee4455a473197b4381f2243de59cf3492
Math_004	target_study/images/72fc57759b9d0cdb9ed336edff307ba293931bf86c621d352f87d98f9f0e6c5d.jpg	72541	Image	19f11f304c461208e1d74764ab3df958fd6ce530b341fbd3d0226ba65daec199
Math_004	target_study/images/eb963e5ffe48b13664339b3e908a75ac32b120c7c38a37039fdc3e31a3e67bd7.jpg	34054	Image	eaae6797374988259f08f2e4d84dd28c835496f8df11197a883a5e6596328bfd
Math_004	target_study/paper.pdf	6255876	PDF	ea3dc2305dc4a9448875ea3fc3de553ed36704dc5c5826450015c9805f85237b
Math_004	task_info.json	2473	JSON	9babd56d419e7ddc2157873ad16572055a572b905e376265870f2b731f2ab80e
Neuroscience_004	data/FC_matrix_2022.npy	39328	NumPy	515b133c7b59bcf7fe7cd9b9a7e6aab490ac16b3b0d297a936d2b17fe9f6197b
Neuroscience_004	data/SC_matrix_undirected_terminals_expanded.npy	39328	NumPy	7399855262f4f59b24a79e1f8b1c6ec8a4174d98529ee0a47b9e180f4073470f
Neuroscience_004	data/gene_expression.npy	162528	NumPy	6fee147d0a0cd0c3eeafd17742c4c238c2e471b7e9988b4539d546ea19f9738d
Neuroscience_004	related_work/paper_000.pdf	2075241	PDF	2d9d3a530c01b79c556b3bfeb73019f5af0c2fed63fc341bacec1eb0775a53cc
Neuroscience_004	related_work/paper_001.pdf	4198791	PDF	102d1dde398b554f17420d8aa5ae7c07e3d36a34fdd2f3b8158a99c53286415f
Neuroscience_004	related_work/paper_002.pdf	16408528	PDF	b6232ed1ed025e61d3a19ee6d6927309832eca32ca36862458c47eb2a67f4ef3
Neuroscience_004	related_work/paper_003.pdf	5891506	PDF	cfc26a7c4f1ec970d01302dba423f4c031677e4534672c504f92f39883860913
Neuroscience_004	related_work/paper_004.pdf	4799809	PDF	27780c2420f1ba1c7ddc252f64fc21fd5f4251d4108732f2bf02217a295173c6
Neuroscience_004	target_study/checklist.json	2768	JSON	11fb01bddeafc3b83b3acba97b89d3c17a7ab269b72d1ab14f3beb0e07c55ce4
Neuroscience_004	target_study/images/250fd6d585536d26891a1c33a2b6c392e42c0731a4a251fa2d703d7fa7e2707f.jpg	286974	Image	e5656e7456b13e2f748266dbcc61841c569056f87ad15d092aee35aece4a8f9e
Neuroscience_004	target_study/images/a953a11e29ebde7fdaddbdb2e4bd6420282147ef99edc2010f672934cf049743.jpg	370752	Image	52dec83a35a92ca3878b040de60f853a82d96cc7d47207add1790e971a63d0b6
Neuroscience_004	target_study/images/b2d1882e5804d484db0fa0f123c4121ec52f4a91acff5a48de591d34a86c7562.jpg	324534	Image	9ee267818a572b4681a79b55d3b10038514862f2face21e517bd81588ab56284
Neuroscience_004	target_study/images/bb78508de5d3c6a3cef2693b9283c151f48a15b6d29622d1aa149c6cddcbad71.jpg	354809	Image	1853b42951f7e81ffe0d597e638c947659317adc0b4ed4719e519b5137d1472d
Neuroscience_004	target_study/images/f8eac63569f948385a733ff5ac32477a7da106461d263eb39d1f8c7d9894a69b.jpg	307310	Image	fff2d03c0c41bb3a1f0e132ef7b624c5f2f9a7276286764234e3c3ba801fd857
Neuroscience_004	target_study/paper.pdf	10319400	PDF	8a64a53bba601bfdafc304833fe8a414144e14566613aa0b5cfc27695d6e1ebf
Neuroscience_004	task_info.json	3342	JSON	f44b152f1634b6dd51919a71b3fab1c51a77dd872c1fbd34c379bbe7bf0d5bfd
Physics_004	data/.gitkeep	1	NoExtension	01ba4719c80b6fe911b091a7c05124b64eeece964e09c058ef8f9805daca546b
Physics_004	related_work/paper_000.pdf	218729	PDF	116833b607431c23b473675a2cadabfd45ee7a6f910bdc141e310c3f432df776
Physics_004	target_study/checklist.json	2808	JSON	e7c9a75f1e399fb2fb897a2716a7c9003feb91ccc06cffb70cff378c1392cade
Physics_004	target_study/images/549bc214a111c6140a10bf60e1c5829bc045232ce02979f969b80106ccad7925.jpg	59398	Image	f4ef82772e00990e3ba4a52a8e9083fcbc1295fe23536badf9fbea3eee2019b2
Physics_004	target_study/images/8422d66f5df25aba2711b525dc95cb26bc738dd76d7176fe5e588d9b0961fa6d.jpg	50284	Image	89adbb0a0d2c5198ed4ef4b1a17a923d1b10a37533e31967ee8211294f69d742
Physics_004	target_study/images/d6f245d7970f31492cbd0a5d0a39ce78efe4cc66e766347cf5fe71e9f27f472b.jpg	57155	Image	2b03ef1004b56f6b78a0f67d61292aa915bf03665095ecb88bdf251473d876e3
Physics_004	target_study/paper.pdf	647073	PDF	a8fd96dc75afaf74e751049cb608a1a4ac249662189eb3eb94dd1fd34daf542f
Physics_004	task_info.json	724	JSON	9f77fc4d3e61ab57b9c603c43a4364e4dc09bc28c7f28b9ab246f224d130f4c0
